{"v":"5.5.7","meta":{"g":"LottieFiles AE ","a":"","k":"","d":"","tc":""},"fr":29.9700012207031,"ip":0,"op":56.0000022809268,"w":600,"h":380,"nm":"documentScan","ddd":0,"assets":[{"id":"comp_0","layers":[{"ddd":0,"ind":1,"ty":4,"nm":"dot","parent":2,"sr":1,"ks":{"o":{"a":0,"k":80,"ix":11},"r":{"a":0,"k":0,"ix":10},"p":{"a":0,"k":[-0.167,0,0],"ix":2},"a":{"a":0,"k":[0,0,0],"ix":1},"s":{"a":1,"k":[{"i":{"x":[1,1,0.833],"y":[1,1,1]},"o":{"x":[0,0,0.167],"y":[0,0,0]},"t":0,"s":[0,0,100]},{"i":{"x":[0.833,0.833,0.833],"y":[1,1,1]},"o":{"x":[0,0,0.167],"y":[0,0,0]},"t":10,"s":[120,120,100]},{"t":23.0000009368092,"s":[0,0,100]}],"ix":6}},"ao":0,"shapes":[{"d":1,"ty":"el","s":{"a":0,"k":[5,5],"ix":2},"p":{"a":0,"k":[0,0],"ix":3},"nm":"Ellipse Path 1","mn":"ADBE Vector Shape - Ellipse","hd":false},{"ty":"fl","c":{"a":0,"k":[0.145098039216,0.129411764706,1,1],"ix":4},"o":{"a":0,"k":100,"ix":5},"r":1,"bm":0,"nm":"Fill 1","mn":"ADBE Vector Graphic - Fill","hd":false}],"ip":0,"op":1800.0000733155,"st":0,"bm":0},{"ddd":0,"ind":2,"ty":3,"nm":"Shape Layer 3","sr":1,"ks":{"o":{"a":0,"k":100,"ix":11},"r":{"a":0,"k":0,"ix":10},"p":{"a":0,"k":[20,20,0],"ix":2},"a":{"a":0,"k":[0,0,0],"ix":1},"s":{"a":0,"k":[100,100,100],"ix":6}},"ao":0,"ip":0,"op":1800.0000733155,"st":0,"bm":0}]}],"layers":[{"ddd":0,"ind":1,"ty":3,"nm":"Null 7","sr":1,"ks":{"o":{"a":0,"k":0,"ix":11},"r":{"a":0,"k":0,"ix":10},"p":{"a":0,"k":[302,190,0],"ix":2},"a":{"a":0,"k":[50,50,0],"ix":1},"s":{"a":0,"k":[310,310,100],"ix":6}},"ao":0,"ip":0,"op":1800.0000733155,"st":0,"bm":0},{"ddd":0,"ind":2,"ty":0,"nm":"dotGrid","refId":"comp_0","sr":1,"ks":{"o":{"a":0,"k":100,"ix":11},"r":{"a":0,"k":0,"ix":10},"p":{"a":0,"k":[392.5,310,0],"ix":2},"a":{"a":0,"k":[20,20,0],"ix":1},"s":{"a":0,"k":[100,100,100],"ix":6}},"ao":0,"w":40,"h":40,"ip":19.0000007738859,"op":1819.00007408939,"st":19.0000007738859,"bm":0},{"ddd":0,"ind":3,"ty":0,"nm":"dotGrid","refId":"comp_0","sr":1,"ks":{"o":{"a":0,"k":100,"ix":11},"r":{"a":0,"k":0,"ix":10},"p":{"a":0,"k":[392.5,275,0],"ix":2},"a":{"a":0,"k":[20,20,0],"ix":1},"s":{"a":0,"k":[100,100,100],"ix":6}},"ao":0,"w":40,"h":40,"ip":19.0000007738859,"op":1819.00007408939,"st":19.0000007738859,"bm":0},{"ddd":0,"ind":4,"ty":0,"nm":"dotGrid","refId":"comp_0","sr":1,"ks":{"o":{"a":0,"k":100,"ix":11},"r":{"a":0,"k":0,"ix":10},"p":{"a":0,"k":[392.5,239.5,0],"ix":2},"a":{"a":0,"k":[20,20,0],"ix":1},"s":{"a":0,"k":[100,100,100],"ix":6}},"ao":0,"w":40,"h":40,"ip":19.0000007738859,"op":1819.00007408939,"st":19.0000007738859,"bm":0},{"ddd":0,"ind":5,"ty":0,"nm":"dotGrid","refId":"comp_0","sr":1,"ks":{"o":{"a":0,"k":100,"ix":11},"r":{"a":0,"k":0,"ix":10},"p":{"a":0,"k":[392.5,200,0],"ix":2},"a":{"a":0,"k":[20,20,0],"ix":1},"s":{"a":0,"k":[100,100,100],"ix":6}},"ao":0,"w":40,"h":40,"ip":19.0000007738859,"op":1819.00007408939,"st":19.0000007738859,"bm":0},{"ddd":0,"ind":6,"ty":0,"nm":"dotGrid","refId":"comp_0","sr":1,"ks":{"o":{"a":0,"k":100,"ix":11},"r":{"a":0,"k":0,"ix":10},"p":{"a":0,"k":[333.5,310,0],"ix":2},"a":{"a":0,"k":[20,20,0],"ix":1},"s":{"a":0,"k":[100,100,100],"ix":6}},"ao":0,"w":40,"h":40,"ip":13.0000005295009,"op":1813.000073845,"st":13.0000005295009,"bm":0},{"ddd":0,"ind":7,"ty":0,"nm":"dotGrid","refId":"comp_0","sr":1,"ks":{"o":{"a":0,"k":100,"ix":11},"r":{"a":0,"k":0,"ix":10},"p":{"a":0,"k":[333.5,275,0],"ix":2},"a":{"a":0,"k":[20,20,0],"ix":1},"s":{"a":0,"k":[100,100,100],"ix":6}},"ao":0,"w":40,"h":40,"ip":13.0000005295009,"op":1813.000073845,"st":13.0000005295009,"bm":0},{"ddd":0,"ind":8,"ty":0,"nm":"dotGrid","refId":"comp_0","sr":1,"ks":{"o":{"a":0,"k":100,"ix":11},"r":{"a":0,"k":0,"ix":10},"p":{"a":0,"k":[333.5,239.5,0],"ix":2},"a":{"a":0,"k":[20,20,0],"ix":1},"s":{"a":0,"k":[100,100,100],"ix":6}},"ao":0,"w":40,"h":40,"ip":13.0000005295009,"op":1813.000073845,"st":13.0000005295009,"bm":0},{"ddd":0,"ind":9,"ty":0,"nm":"dotGrid","refId":"comp_0","sr":1,"ks":{"o":{"a":0,"k":100,"ix":11},"r":{"a":0,"k":0,"ix":10},"p":{"a":0,"k":[333.5,200,0],"ix":2},"a":{"a":0,"k":[20,20,0],"ix":1},"s":{"a":0,"k":[100,100,100],"ix":6}},"ao":0,"w":40,"h":40,"ip":13.0000005295009,"op":1813.000073845,"st":13.0000005295009,"bm":0},{"ddd":0,"ind":10,"ty":0,"nm":"dotGrid","refId":"comp_0","sr":1,"ks":{"o":{"a":0,"k":100,"ix":11},"r":{"a":0,"k":0,"ix":10},"p":{"a":0,"k":[279,310,0],"ix":2},"a":{"a":0,"k":[20,20,0],"ix":1},"s":{"a":0,"k":[100,100,100],"ix":6}},"ao":0,"w":40,"h":40,"ip":9.00000036657752,"op":1809.00007368208,"st":9.00000036657752,"bm":0},{"ddd":0,"ind":11,"ty":0,"nm":"dotGrid","refId":"comp_0","sr":1,"ks":{"o":{"a":0,"k":100,"ix":11},"r":{"a":0,"k":0,"ix":10},"p":{"a":0,"k":[279,275,0],"ix":2},"a":{"a":0,"k":[20,20,0],"ix":1},"s":{"a":0,"k":[100,100,100],"ix":6}},"ao":0,"w":40,"h":40,"ip":9.00000036657752,"op":1809.00007368208,"st":9.00000036657752,"bm":0},{"ddd":0,"ind":12,"ty":0,"nm":"dotGrid","refId":"comp_0","sr":1,"ks":{"o":{"a":0,"k":100,"ix":11},"r":{"a":0,"k":0,"ix":10},"p":{"a":0,"k":[279,239.5,0],"ix":2},"a":{"a":0,"k":[20,20,0],"ix":1},"s":{"a":0,"k":[100,100,100],"ix":6}},"ao":0,"w":40,"h":40,"ip":9.00000036657752,"op":1809.00007368208,"st":9.00000036657752,"bm":0},{"ddd":0,"ind":13,"ty":0,"nm":"dotGrid","refId":"comp_0","sr":1,"ks":{"o":{"a":0,"k":100,"ix":11},"r":{"a":0,"k":0,"ix":10},"p":{"a":0,"k":[279,200,0],"ix":2},"a":{"a":0,"k":[20,20,0],"ix":1},"s":{"a":0,"k":[100,100,100],"ix":6}},"ao":0,"w":40,"h":40,"ip":9.00000036657752,"op":1809.00007368208,"st":9.00000036657752,"bm":0},{"ddd":0,"ind":14,"ty":0,"nm":"dotGrid","refId":"comp_0","sr":1,"ks":{"o":{"a":0,"k":100,"ix":11},"r":{"a":0,"k":0,"ix":10},"p":{"a":0,"k":[233.5,310,0],"ix":2},"a":{"a":0,"k":[20,20,0],"ix":1},"s":{"a":0,"k":[100,100,100],"ix":6}},"ao":0,"w":40,"h":40,"ip":5.00000020365417,"op":1805.00007351916,"st":5.00000020365417,"bm":0},{"ddd":0,"ind":15,"ty":0,"nm":"dotGrid","refId":"comp_0","sr":1,"ks":{"o":{"a":0,"k":100,"ix":11},"r":{"a":0,"k":0,"ix":10},"p":{"a":0,"k":[233.5,275,0],"ix":2},"a":{"a":0,"k":[20,20,0],"ix":1},"s":{"a":0,"k":[100,100,100],"ix":6}},"ao":0,"w":40,"h":40,"ip":5.00000020365417,"op":1805.00007351916,"st":5.00000020365417,"bm":0},{"ddd":0,"ind":16,"ty":0,"nm":"dotGrid","refId":"comp_0","sr":1,"ks":{"o":{"a":0,"k":100,"ix":11},"r":{"a":0,"k":0,"ix":10},"p":{"a":0,"k":[233.5,239.5,0],"ix":2},"a":{"a":0,"k":[20,20,0],"ix":1},"s":{"a":0,"k":[100,100,100],"ix":6}},"ao":0,"w":40,"h":40,"ip":5.00000020365417,"op":1805.00007351916,"st":5.00000020365417,"bm":0},{"ddd":0,"ind":17,"ty":0,"nm":"dotGrid","refId":"comp_0","sr":1,"ks":{"o":{"a":0,"k":100,"ix":11},"r":{"a":0,"k":0,"ix":10},"p":{"a":0,"k":[233.5,200,0],"ix":2},"a":{"a":0,"k":[20,20,0],"ix":1},"s":{"a":0,"k":[100,100,100],"ix":6}},"ao":0,"w":40,"h":40,"ip":5.00000020365417,"op":1805.00007351916,"st":5.00000020365417,"bm":0},{"ddd":0,"ind":18,"ty":0,"nm":"dotGrid","refId":"comp_0","sr":1,"ks":{"o":{"a":0,"k":100,"ix":11},"r":{"a":0,"k":0,"ix":10},"p":{"a":0,"k":[193.5,310,0],"ix":2},"a":{"a":0,"k":[20,20,0],"ix":1},"s":{"a":0,"k":[100,100,100],"ix":6}},"ao":0,"w":40,"h":40,"ip":0,"op":1800.0000733155,"st":0,"bm":0},{"ddd":0,"ind":19,"ty":0,"nm":"dotGrid","refId":"comp_0","sr":1,"ks":{"o":{"a":0,"k":100,"ix":11},"r":{"a":0,"k":0,"ix":10},"p":{"a":0,"k":[193.5,275,0],"ix":2},"a":{"a":0,"k":[20,20,0],"ix":1},"s":{"a":0,"k":[100,100,100],"ix":6}},"ao":0,"w":40,"h":40,"ip":0,"op":1800.0000733155,"st":0,"bm":0},{"ddd":0,"ind":20,"ty":0,"nm":"dotGrid","refId":"comp_0","sr":1,"ks":{"o":{"a":0,"k":100,"ix":11},"r":{"a":0,"k":0,"ix":10},"p":{"a":0,"k":[193.5,239.5,0],"ix":2},"a":{"a":0,"k":[20,20,0],"ix":1},"s":{"a":0,"k":[100,100,100],"ix":6}},"ao":0,"w":40,"h":40,"ip":0,"op":1800.0000733155,"st":0,"bm":0},{"ddd":0,"ind":21,"ty":0,"nm":"dotGrid","refId":"comp_0","sr":1,"ks":{"o":{"a":0,"k":100,"ix":11},"r":{"a":0,"k":0,"ix":10},"p":{"a":0,"k":[193.5,200,0],"ix":2},"a":{"a":0,"k":[20,20,0],"ix":1},"s":{"a":0,"k":[100,100,100],"ix":6}},"ao":0,"w":40,"h":40,"ip":0,"op":1800.0000733155,"st":0,"bm":0},{"ddd":0,"ind":22,"ty":4,"nm":"barbottom","parent":1,"td":1,"sr":1,"ks":{"o":{"a":0,"k":100,"ix":11},"r":{"a":0,"k":0,"ix":10},"p":{"a":0,"k":[44.402,63.387,0],"ix":2},"a":{"a":0,"k":[37.902,58.387,0],"ix":1},"s":{"a":0,"k":[100,100,100],"ix":6}},"ao":0,"shapes":[{"ty":"gr","it":[{"ind":0,"ty":"sh","ix":1,"ks":{"a":0,"k":{"i":[[-0.828,0],[0,0],[0,-0.828],[0,0],[0.832,0],[0,0],[0,0.828],[0,0]],"o":[[0,0],[0.832,0],[0,0],[0,0.828],[0,0],[-0.828,0],[0,0],[0,-0.828]],"v":[[-10.195,-1.672],[10.195,-1.672],[11.695,-0.172],[11.695,0.172],[10.195,1.672],[-10.195,1.672],[-11.695,0.172],[-11.695,-0.172]],"c":true},"ix":2},"nm":"Path 1","mn":"ADBE Vector Shape - Group","hd":false},{"ind":1,"ty":"sh","ix":2,"ks":{"a":0,"k":{"i":[[0,0]],"o":[[0,0]],"v":[[-10.195,-1.672]],"c":false},"ix":2},"nm":"Path 2","mn":"ADBE Vector Shape - Group","hd":false},{"ty":"mm","mm":1,"nm":"Merge Paths 1","mn":"ADBE Vector Filter - Merge","hd":false},{"ty":"fl","c":{"a":0,"k":[0.470587995941,0.56470600203,0.611765005074,1],"ix":4},"o":{"a":0,"k":100,"ix":5},"r":1,"bm":0,"nm":"Fill 1","mn":"ADBE Vector Graphic - Fill","hd":false},{"ty":"tr","p":{"a":0,"k":[49.597,58.387],"ix":2},"a":{"a":0,"k":[0,0],"ix":1},"s":{"a":0,"k":[100,100],"ix":3},"r":{"a":0,"k":0,"ix":6},"o":{"a":0,"k":100,"ix":7},"sk":{"a":0,"k":0,"ix":4},"sa":{"a":0,"k":0,"ix":5},"nm":"Transform"}],"nm":"Group 4","np":4,"cix":2,"bm":0,"ix":1,"mn":"ADBE Vector Group","hd":false}],"ip":0,"op":1800.0000733155,"st":0,"bm":0},{"ddd":0,"ind":23,"ty":4,"nm":"Shape Layer 2","tt":1,"sr":1,"ks":{"o":{"a":0,"k":40,"ix":11},"r":{"a":0,"k":0,"ix":10},"p":{"a":1,"k":[{"i":{"x":0.2,"y":1},"o":{"x":0.4,"y":0},"t":25,"s":[284.329,230.979,0],"to":[17.083,0,0],"ti":[-17.083,0,0]},{"t":35.0000014255792,"s":[386.829,230.979,0]}],"ix":2},"a":{"a":0,"k":[-48.5,0,0],"ix":1},"s":{"a":1,"k":[{"i":{"x":[0.2,0.2,0.833],"y":[1,1,1]},"o":{"x":[0.4,0.4,0.167],"y":[0,0,0]},"t":12,"s":[0,100,100]},{"t":25.0000010182709,"s":[100,100,100]}],"ix":6}},"ao":0,"shapes":[{"ty":"rc","d":1,"s":{"a":0,"k":[97,12],"ix":2},"p":{"a":0,"k":[0,0],"ix":3},"r":{"a":0,"k":0,"ix":4},"nm":"Rectangle Path 1","mn":"ADBE Vector Shape - Rect","hd":false},{"ty":"fl","c":{"a":0,"k":[0.235294132607,0.196078446332,0.956862804936,1],"ix":4},"o":{"a":0,"k":100,"ix":5},"r":1,"bm":0,"nm":"Fill 1","mn":"ADBE Vector Graphic - Fill","hd":false}],"ip":9.00000036657752,"op":1809.00007368208,"st":9.00000036657752,"bm":0},{"ddd":0,"ind":24,"ty":4,"nm":"barbottom","parent":1,"sr":1,"ks":{"o":{"a":0,"k":100,"ix":11},"r":{"a":0,"k":0,"ix":10},"p":{"a":0,"k":[44.402,63.387,0],"ix":2},"a":{"a":0,"k":[37.902,58.387,0],"ix":1},"s":{"a":0,"k":[100,100,100],"ix":6}},"ao":0,"shapes":[{"ty":"gr","it":[{"ind":0,"ty":"sh","ix":1,"ks":{"a":0,"k":{"i":[[-0.828,0],[0,0],[0,-0.828],[0,0],[0.832,0],[0,0],[0,0.828],[0,0]],"o":[[0,0],[0.832,0],[0,0],[0,0.828],[0,0],[-0.828,0],[0,0],[0,-0.828]],"v":[[-10.195,-1.672],[10.195,-1.672],[11.695,-0.172],[11.695,0.172],[10.195,1.672],[-10.195,1.672],[-11.695,0.172],[-11.695,-0.172]],"c":true},"ix":2},"nm":"Path 1","mn":"ADBE Vector Shape - Group","hd":false},{"ind":1,"ty":"sh","ix":2,"ks":{"a":0,"k":{"i":[[0,0]],"o":[[0,0]],"v":[[-10.195,-1.672]],"c":false},"ix":2},"nm":"Path 2","mn":"ADBE Vector Shape - Group","hd":false},{"ty":"mm","mm":1,"nm":"Merge Paths 1","mn":"ADBE Vector Filter - Merge","hd":false},{"ty":"fl","c":{"a":0,"k":[0.470587995941,0.56470600203,0.611765005074,1],"ix":4},"o":{"a":0,"k":100,"ix":5},"r":1,"bm":0,"nm":"Fill 1","mn":"ADBE Vector Graphic - Fill","hd":false},{"ty":"tr","p":{"a":0,"k":[49.597,58.387],"ix":2},"a":{"a":0,"k":[0,0],"ix":1},"s":{"a":0,"k":[100,100],"ix":3},"r":{"a":0,"k":0,"ix":6},"o":{"a":0,"k":100,"ix":7},"sk":{"a":0,"k":0,"ix":4},"sa":{"a":0,"k":0,"ix":5},"nm":"Transform"}],"nm":"Group 4","np":4,"cix":2,"bm":0,"ix":1,"mn":"ADBE Vector Group","hd":false}],"ip":0,"op":1800.0000733155,"st":0,"bm":0},{"ddd":0,"ind":25,"ty":4,"nm":"barsTop 2","parent":1,"td":1,"sr":1,"ks":{"o":{"a":0,"k":100,"ix":11},"r":{"a":0,"k":0,"ix":10},"p":{"a":0,"k":[44.402,57.262,0],"ix":2},"a":{"a":0,"k":[37.902,52.262,0],"ix":1},"s":{"a":0,"k":[100,100,100],"ix":6}},"ao":0,"shapes":[{"ty":"gr","it":[{"ind":0,"ty":"sh","ix":1,"ks":{"a":0,"k":{"i":[[-0.828,0],[0,0],[0,-0.832],[0,0],[0.828,0],[0,0],[0,0.828],[0,0]],"o":[[0,0],[0.828,0],[0,0],[0,0.828],[0,0],[-0.828,0],[0,0],[0,-0.832]],"v":[[-14.094,-1.672],[14.094,-1.672],[15.594,-0.172],[15.594,0.172],[14.094,1.672],[-14.094,1.672],[-15.594,0.172],[-15.594,-0.172]],"c":true},"ix":2},"nm":"Path 1","mn":"ADBE Vector Shape - Group","hd":false},{"ind":1,"ty":"sh","ix":2,"ks":{"a":0,"k":{"i":[[0,0]],"o":[[0,0]],"v":[[-14.094,-1.672]],"c":false},"ix":2},"nm":"Path 2","mn":"ADBE Vector Shape - Group","hd":false},{"ty":"mm","mm":1,"nm":"Merge Paths 1","mn":"ADBE Vector Filter - Merge","hd":false},{"ty":"fl","c":{"a":0,"k":[0.470587995941,0.56470600203,0.611765005074,1],"ix":4},"o":{"a":0,"k":100,"ix":5},"r":1,"bm":0,"nm":"Fill 1","mn":"ADBE Vector Graphic - Fill","hd":false},{"ty":"tr","p":{"a":0,"k":[53.496,52.262],"ix":2},"a":{"a":0,"k":[0,0],"ix":1},"s":{"a":0,"k":[100,100],"ix":3},"r":{"a":0,"k":0,"ix":6},"o":{"a":0,"k":100,"ix":7},"sk":{"a":0,"k":0,"ix":4},"sa":{"a":0,"k":0,"ix":5},"nm":"Transform"}],"nm":"Group 5","np":4,"cix":2,"bm":0,"ix":1,"mn":"ADBE Vector Group","hd":false}],"ip":0,"op":1800.0000733155,"st":0,"bm":0},{"ddd":0,"ind":26,"ty":4,"nm":"Shape Layer 1","tt":1,"sr":1,"ks":{"o":{"a":0,"k":40,"ix":11},"r":{"a":0,"k":0,"ix":10},"p":{"a":1,"k":[{"i":{"x":0.2,"y":1},"o":{"x":0.4,"y":0},"t":25,"s":[284.329,211.979,0],"to":[17.083,0,0],"ti":[-17.083,0,0]},{"t":35.0000014255792,"s":[386.829,211.979,0]}],"ix":2},"a":{"a":0,"k":[-48.5,0,0],"ix":1},"s":{"a":1,"k":[{"i":{"x":[0.2,0.2,0.833],"y":[1,1,1]},"o":{"x":[0.4,0.4,0.167],"y":[0,0,0]},"t":12,"s":[0,100,100]},{"t":25.0000010182709,"s":[100,100,100]}],"ix":6}},"ao":0,"shapes":[{"ty":"rc","d":1,"s":{"a":0,"k":[97,12],"ix":2},"p":{"a":0,"k":[0,0],"ix":3},"r":{"a":0,"k":0,"ix":4},"nm":"Rectangle Path 1","mn":"ADBE Vector Shape - Rect","hd":false},{"ty":"fl","c":{"a":0,"k":[0.235294132607,0.196078446332,0.956862804936,1],"ix":4},"o":{"a":0,"k":100,"ix":5},"r":1,"bm":0,"nm":"Fill 1","mn":"ADBE Vector Graphic - Fill","hd":false}],"ip":9.00000036657752,"op":1809.00007368208,"st":9.00000036657752,"bm":0},{"ddd":0,"ind":27,"ty":4,"nm":"barsTop","parent":1,"sr":1,"ks":{"o":{"a":0,"k":100,"ix":11},"r":{"a":0,"k":0,"ix":10},"p":{"a":0,"k":[44.402,57.262,0],"ix":2},"a":{"a":0,"k":[37.902,52.262,0],"ix":1},"s":{"a":0,"k":[100,100,100],"ix":6}},"ao":0,"shapes":[{"ty":"gr","it":[{"ind":0,"ty":"sh","ix":1,"ks":{"a":0,"k":{"i":[[-0.828,0],[0,0],[0,-0.832],[0,0],[0.828,0],[0,0],[0,0.828],[0,0]],"o":[[0,0],[0.828,0],[0,0],[0,0.828],[0,0],[-0.828,0],[0,0],[0,-0.832]],"v":[[-14.094,-1.672],[14.094,-1.672],[15.594,-0.172],[15.594,0.172],[14.094,1.672],[-14.094,1.672],[-15.594,0.172],[-15.594,-0.172]],"c":true},"ix":2},"nm":"Path 1","mn":"ADBE Vector Shape - Group","hd":false},{"ind":1,"ty":"sh","ix":2,"ks":{"a":0,"k":{"i":[[0,0]],"o":[[0,0]],"v":[[-14.094,-1.672]],"c":false},"ix":2},"nm":"Path 2","mn":"ADBE Vector Shape - Group","hd":false},{"ty":"mm","mm":1,"nm":"Merge Paths 1","mn":"ADBE Vector Filter - Merge","hd":false},{"ty":"fl","c":{"a":0,"k":[0.470587995941,0.56470600203,0.611765005074,1],"ix":4},"o":{"a":0,"k":100,"ix":5},"r":1,"bm":0,"nm":"Fill 1","mn":"ADBE Vector Graphic - Fill","hd":false},{"ty":"tr","p":{"a":0,"k":[53.496,52.262],"ix":2},"a":{"a":0,"k":[0,0],"ix":1},"s":{"a":0,"k":[100,100],"ix":3},"r":{"a":0,"k":0,"ix":6},"o":{"a":0,"k":100,"ix":7},"sk":{"a":0,"k":0,"ix":4},"sa":{"a":0,"k":0,"ix":5},"nm":"Transform"}],"nm":"Group 5","np":4,"cix":2,"bm":0,"ix":1,"mn":"ADBE Vector Group","hd":false}],"ip":0,"op":1800.0000733155,"st":0,"bm":0},{"ddd":0,"ind":28,"ty":4,"nm":"card_line","parent":1,"sr":1,"ks":{"o":{"a":1,"k":[{"i":{"x":[0.833],"y":[0.833]},"o":{"x":[0.167],"y":[0.167]},"t":19,"s":[60]},{"t":24.00000097754,"s":[0]}],"ix":11},"r":{"a":0,"k":0,"ix":10},"p":{"a":0,"k":[48,50,0],"ix":2},"a":{"a":0,"k":[41.5,45,0],"ix":1},"s":{"a":0,"k":[100,100,100],"ix":6}},"ao":0,"shapes":[{"ind":0,"ty":"sh","ix":1,"ks":{"a":0,"k":{"i":[[0,0],[0,0],[0,0],[-3.445,0],[0,0],[0.191,-3.438]],"o":[[0,0],[0,0],[-0.192,-3.438],[0,0],[3.442,0],[0,0]],"v":[[79.897,41.125],[2.594,41.125],[0.938,12.154],[6.93,5.822],[75.561,5.822],[81.55,12.154]],"c":true},"ix":2},"nm":"Path 1","mn":"ADBE Vector Shape - Group","hd":false},{"ty":"tm","s":{"a":1,"k":[{"i":{"x":[0.2],"y":[1]},"o":{"x":[0.4],"y":[0]},"t":14,"s":[0]},{"t":40.0000016292334,"s":[100]}],"ix":1},"e":{"a":1,"k":[{"i":{"x":[0.2],"y":[1]},"o":{"x":[0.4],"y":[0]},"t":12,"s":[0]},{"t":38.0000015477717,"s":[100]}],"ix":2},"o":{"a":0,"k":-235,"ix":3},"m":1,"ix":2,"nm":"Trim Paths 1","mn":"ADBE Vector Filter - Trim","hd":false},{"ty":"st","c":{"a":0,"k":[0.050980392157,0,1,1],"ix":3},"o":{"a":0,"k":100,"ix":4},"w":{"a":0,"k":0.5,"ix":5},"lc":2,"lj":1,"ml":4,"bm":0,"nm":"Stroke 1","mn":"ADBE Vector Graphic - Stroke","hd":false}],"ip":9.00000036657752,"op":25.0000010182709,"st":-15.0000006109625,"bm":0},{"ddd":0,"ind":29,"ty":4,"nm":"card_line 2","parent":1,"sr":1,"ks":{"o":{"a":1,"k":[{"i":{"x":[0.833],"y":[0.833]},"o":{"x":[0.167],"y":[0.167]},"t":21,"s":[60]},{"t":24.00000097754,"s":[0]}],"ix":11},"r":{"a":0,"k":0,"ix":10},"p":{"a":0,"k":[48,50,0],"ix":2},"a":{"a":0,"k":[41.5,45,0],"ix":1},"s":{"a":0,"k":[100,100,100],"ix":6}},"ao":0,"shapes":[{"ind":0,"ty":"sh","ix":1,"ks":{"a":0,"k":{"i":[[0,0],[0,0],[0,0],[-3.445,0],[0,0],[0.191,-3.438]],"o":[[0,0],[0,0],[-0.192,-3.438],[0,0],[3.442,0],[0,0]],"v":[[79.897,41.125],[2.594,41.125],[0.938,12.154],[6.93,5.822],[75.561,5.822],[81.55,12.154]],"c":true},"ix":2},"nm":"Path 1","mn":"ADBE Vector Shape - Group","hd":false},{"ty":"tm","s":{"a":1,"k":[{"i":{"x":[0.2],"y":[1]},"o":{"x":[0.4],"y":[0]},"t":18,"s":[0]},{"t":37.0000015070409,"s":[100]}],"ix":1},"e":{"a":1,"k":[{"i":{"x":[0.2],"y":[1]},"o":{"x":[0.4],"y":[0]},"t":16,"s":[0]},{"t":35.0000014255792,"s":[100]}],"ix":2},"o":{"a":0,"k":-235,"ix":3},"m":1,"ix":2,"nm":"Trim Paths 1","mn":"ADBE Vector Filter - Trim","hd":false},{"ty":"st","c":{"a":0,"k":[1,0.996078431373,0.333333333333,1],"ix":3},"o":{"a":0,"k":100,"ix":4},"w":{"a":0,"k":1,"ix":5},"lc":2,"lj":1,"ml":4,"bm":0,"nm":"Stroke 1","mn":"ADBE Vector Graphic - Stroke","hd":false}],"ip":13.0000005295009,"op":25.0000010182709,"st":-11.0000004480392,"bm":0},{"ddd":0,"ind":33,"ty":4,"nm":"blue_scan","parent":1,"sr":1,"ks":{"o":{"a":0,"k":80,"ix":11},"r":{"a":0,"k":0,"ix":10},"p":{"a":0,"k":[48,50,0],"ix":2},"a":{"a":0,"k":[41.5,45,0],"ix":1},"s":{"a":0,"k":[100,100,100],"ix":6}},"ao":0,"shapes":[{"ind":0,"ty":"sh","ix":1,"ks":{"a":0,"k":{"i":[[0,0],[0,0],[0,0],[3.313,0],[0,0],[0,3.312]],"o":[[0,0],[0,0],[0,3.312],[0,0],[-3.312,0],[0,0]],"v":[[2.03,41.125],[80.743,41.125],[80.743,83.27],[74.743,89.27],[8.03,89.27],[2.03,83.27]],"c":true},"ix":2},"nm":"Path 1","mn":"ADBE Vector Shape - Group","hd":false},{"ty":"tm","s":{"a":1,"k":[{"i":{"x":[0.2],"y":[1]},"o":{"x":[0.4],"y":[0]},"t":17,"s":[0]},{"t":36.0000014663101,"s":[99.5]}],"ix":1},"e":{"a":1,"k":[{"i":{"x":[0.2],"y":[1]},"o":{"x":[0.4],"y":[0]},"t":10,"s":[0]},{"t":30.0000012219251,"s":[99.5]}],"ix":2},"o":{"a":0,"k":0,"ix":3},"m":1,"ix":2,"nm":"Trim Paths 1","mn":"ADBE Vector Filter - Trim","hd":false},{"ty":"st","c":{"a":0,"k":[0.050980392157,0,1,1],"ix":3},"o":{"a":0,"k":100,"ix":4},"w":{"a":0,"k":0.5,"ix":5},"lc":2,"lj":1,"ml":4,"bm":0,"nm":"Stroke 1","mn":"ADBE Vector Graphic - Stroke","hd":false}],"ip":0,"op":1800.0000733155,"st":0,"bm":0},{"ddd":0,"ind":35,"ty":4,"nm":"person","parent":1,"sr":1,"ks":{"o":{"a":0,"k":100,"ix":11},"r":{"a":0,"k":0,"ix":10},"p":{"a":0,"k":[48,50,0],"ix":2},"a":{"a":0,"k":[41.5,45,0],"ix":1},"s":{"a":0,"k":[100,100,100],"ix":6}},"ao":0,"shapes":[{"ty":"gr","it":[{"ind":0,"ty":"sh","ix":1,"ks":{"a":0,"k":{"i":[[-4.012,0],[0,3.602],[3.601,0],[0,-3.601]],"o":[[4.011,0],[0,-3.601],[-3.602,0],[0,3.602]],"v":[[0.001,6.519],[6.52,-0.001],[0.001,-6.519],[-6.52,-0.001]],"c":true},"ix":2},"nm":"Path 1","mn":"ADBE Vector Shape - Group","hd":false},{"ind":1,"ty":"sh","ix":2,"ks":{"a":0,"k":{"i":[[0,0]],"o":[[0,0]],"v":[[0.001,6.519]],"c":false},"ix":2},"nm":"Path 2","mn":"ADBE Vector Shape - Group","hd":false},{"ty":"mm","mm":1,"nm":"Merge Paths 1","mn":"ADBE Vector Filter - Merge","hd":false},{"ty":"fl","c":{"a":0,"k":[0.968626972273,0.980391977348,0.988234994926,1],"ix":4},"o":{"a":0,"k":100,"ix":5},"r":1,"bm":0,"nm":"Fill 1","mn":"ADBE Vector Graphic - Fill","hd":false},{"ty":"tr","p":{"a":0,"k":[20.261,67.703],"ix":2},"a":{"a":0,"k":[0,0],"ix":1},"s":{"a":0,"k":[100,100],"ix":3},"r":{"a":0,"k":0,"ix":6},"o":{"a":0,"k":100,"ix":7},"sk":{"a":0,"k":0,"ix":4},"sa":{"a":0,"k":0,"ix":5},"nm":"Transform"}],"nm":"Group 1","np":4,"cix":2,"bm":0,"ix":1,"mn":"ADBE Vector Group","hd":false},{"ty":"gr","it":[{"ind":0,"ty":"sh","ix":1,"ks":{"a":0,"k":{"i":[[0,0],[-0.086,-0.261],[-0.191,-0.203],[-0.258,-0.11],[-0.285,0],[0,0],[-0.203,0.086],[-0.153,0.156],[-0.078,0.203],[0.016,0.215],[1.015,2.008],[2.883,0.059],[1.016,-2.004],[0.332,-2.762]],"o":[[-0.031,0.273],[0.086,0.262],[0.188,0.203],[0.262,0.113],[0,0],[0.223,0],[0.203,-0.086],[0.156,-0.157],[0.074,-0.2],[-0.203,-2.77],[-1.016,-2.004],[-2.883,-0.062],[-1.016,2.008],[0,0]],"v":[[-11.526,3.883],[-11.439,4.691],[-11.022,5.398],[-10.342,5.875],[-9.518,6.047],[9.896,6.047],[10.541,5.918],[11.08,5.555],[11.435,5.012],[11.529,4.379],[10.541,-2.981],[0.24,-5.985],[-9.518,-2.981],[-11.521,3.883]],"c":true},"ix":2},"nm":"Path 1","mn":"ADBE Vector Shape - Group","hd":false},{"ind":1,"ty":"sh","ix":2,"ks":{"a":0,"k":{"i":[[0,0]],"o":[[0,0]],"v":[[-11.526,3.883]],"c":false},"ix":2},"nm":"Path 2","mn":"ADBE Vector Shape - Group","hd":false},{"ty":"mm","mm":1,"nm":"Merge Paths 1","mn":"ADBE Vector Filter - Merge","hd":false},{"ty":"fl","c":{"a":0,"k":[0.968626972273,0.980391977348,0.988234994926,1],"ix":4},"o":{"a":0,"k":100,"ix":5},"r":1,"bm":0,"nm":"Fill 1","mn":"ADBE Vector Graphic - Fill","hd":false},{"ty":"tr","p":{"a":0,"k":[20.264,81.215],"ix":2},"a":{"a":0,"k":[0,0],"ix":1},"s":{"a":0,"k":[100,100],"ix":3},"r":{"a":0,"k":0,"ix":6},"o":{"a":0,"k":100,"ix":7},"sk":{"a":0,"k":0,"ix":4},"sa":{"a":0,"k":0,"ix":5},"nm":"Transform"}],"nm":"Group 2","np":4,"cix":2,"bm":0,"ix":2,"mn":"ADBE Vector Group","hd":false}],"ip":0,"op":1800.0000733155,"st":0,"bm":0},{"ddd":0,"ind":36,"ty":4,"nm":"person_bg","parent":1,"sr":1,"ks":{"o":{"a":0,"k":100,"ix":11},"r":{"a":0,"k":0,"ix":10},"p":{"a":0,"k":[48,50,0],"ix":2},"a":{"a":0,"k":[41.5,45,0],"ix":1},"s":{"a":0,"k":[100,100,100],"ix":6}},"ao":0,"shapes":[{"ind":0,"ty":"sh","ix":1,"ks":{"a":0,"k":{"i":[[-1.665,0],[0,0],[0,-1.661],[0,0],[1.66,0],[0,0],[0,1.66],[0,0]],"o":[[0,0],[1.66,0],[0,0],[0,1.66],[0,0],[-1.665,0],[0,0],[0,-1.661]],"v":[[10.727,48.145],[29.801,48.145],[32.801,51.145],[32.801,80.25],[29.801,83.25],[10.727,83.25],[7.727,80.25],[7.727,51.145]],"c":true},"ix":2},"nm":"Path 1","mn":"ADBE Vector Shape - Group","hd":false},{"ty":"fl","c":{"a":1,"k":[{"i":{"x":[0.833],"y":[0.833]},"o":{"x":[0.167],"y":[0.167]},"t":14,"s":[0.215685990277,0.278430983599,0.309803981407,1]},{"i":{"x":[0.833],"y":[0.833]},"o":{"x":[0.167],"y":[0.167]},"t":23,"s":[0.239215701234,0.20000001496,0.866666726505,1]},{"t":40.0000016292334,"s":[0.215685990277,0.278430983599,0.309803981407,1]}],"ix":4},"o":{"a":0,"k":100,"ix":5},"r":1,"bm":0,"nm":"Fill 1","mn":"ADBE Vector Graphic - Fill","hd":false}],"ip":0,"op":1800.0000733155,"st":0,"bm":0},{"ddd":0,"ind":37,"ty":4,"nm":"card_bg","parent":1,"sr":1,"ks":{"o":{"a":0,"k":100,"ix":11},"r":{"a":0,"k":0,"ix":10},"p":{"a":0,"k":[48,50,0],"ix":2},"a":{"a":0,"k":[41.5,45,0],"ix":1},"s":{"a":0,"k":[100,100,100],"ix":6}},"ao":0,"shapes":[{"ty":"gr","it":[{"ind":0,"ty":"sh","ix":1,"ks":{"a":0,"k":{"i":[[0,0],[0,0],[0,0],[-3.445,0],[0,0],[0.191,-3.438]],"o":[[0,0],[0,0],[-0.192,-3.438],[0,0],[3.442,0],[0,0]],"v":[[39.551,18.054],[-39.688,18.054],[-41.344,-11.722],[-35.352,-18.054],[35.215,-18.054],[41.204,-11.722]],"c":true},"ix":2},"nm":"Path 1","mn":"ADBE Vector Shape - Group","hd":false},{"ind":1,"ty":"sh","ix":2,"ks":{"a":0,"k":{"i":[[0,0]],"o":[[0,0]],"v":[[39.551,18.054]],"c":false},"ix":2},"nm":"Path 2","mn":"ADBE Vector Shape - Group","hd":false},{"ty":"mm","mm":1,"nm":"Merge Paths 1","mn":"ADBE Vector Filter - Merge","hd":false},{"ty":"fl","c":{"a":0,"k":[0.898038976333,0.941175991881,0.960784014534,1],"ix":4},"o":{"a":0,"k":100,"ix":5},"r":1,"bm":0,"nm":"Fill 1","mn":"ADBE Vector Graphic - Fill","hd":false},{"ty":"tr","p":{"a":0,"k":[41.394,23.07],"ix":2},"a":{"a":0,"k":[0,0],"ix":1},"s":{"a":0,"k":[100,100],"ix":3},"r":{"a":0,"k":0,"ix":6},"o":{"a":0,"k":100,"ix":7},"sk":{"a":0,"k":0,"ix":4},"sa":{"a":0,"k":0,"ix":5},"nm":"Transform"}],"nm":"Group 6","np":6,"cix":2,"bm":0,"ix":1,"mn":"ADBE Vector Group","hd":false},{"ty":"gr","it":[{"ind":0,"ty":"sh","ix":1,"ks":{"a":0,"k":{"i":[[0,0],[0,0],[0,0],[-3.441,0],[0,0],[0.184,-3.438]],"o":[[0,0],[0,0],[-0.188,-3.438],[0,0],[3.442,0],[0,0]],"v":[[39.549,18.556],[-39.689,18.556],[-41.354,-12.233],[-35.361,-18.556],[35.221,-18.556],[41.213,-12.233]],"c":true},"ix":2},"nm":"Path 1","mn":"ADBE Vector Shape - Group","hd":false},{"ind":1,"ty":"sh","ix":2,"ks":{"a":0,"k":{"i":[[0,0]],"o":[[0,0]],"v":[[39.549,18.556]],"c":false},"ix":2},"nm":"Path 2","mn":"ADBE Vector Shape - Group","hd":false},{"ty":"mm","mm":1,"nm":"Merge Paths 1","mn":"ADBE Vector Filter - Merge","hd":false},{"ty":"fl","c":{"a":0,"k":[0.980391977348,0.992156982422,1,1],"ix":4},"o":{"a":0,"k":100,"ix":5},"r":1,"bm":0,"nm":"Fill 1","mn":"ADBE Vector Graphic - Fill","hd":false},{"ty":"tr","p":{"a":0,"k":[41.396,22.568],"ix":2},"a":{"a":0,"k":[0,0],"ix":1},"s":{"a":0,"k":[100,100],"ix":3},"r":{"a":0,"k":0,"ix":6},"o":{"a":0,"k":100,"ix":7},"sk":{"a":0,"k":0,"ix":4},"sa":{"a":0,"k":0,"ix":5},"nm":"Transform"}],"nm":"Group 7","np":6,"cix":2,"bm":0,"ix":2,"mn":"ADBE Vector Group","hd":false},{"ty":"gr","it":[{"ind":0,"ty":"sh","ix":1,"ks":{"a":0,"k":{"i":[[0,0],[0,0],[0,0],[-3.43,0],[0,0],[0.164,-3.426]],"o":[[0,0],[0,0],[-0.168,-3.426],[0,0],[3.43,0],[0,0]],"v":[[39.54,20.562],[-39.697,20.562],[-41.396,-14.27],[-35.404,-20.562],[35.243,-20.562],[41.24,-14.27]],"c":true},"ix":2},"nm":"Path 1","mn":"ADBE Vector Shape - Group","hd":false},{"ind":1,"ty":"sh","ix":2,"ks":{"a":0,"k":{"i":[[0,0]],"o":[[0,0]],"v":[[39.54,20.562]],"c":false},"ix":2},"nm":"Path 2","mn":"ADBE Vector Shape - Group","hd":false},{"ty":"mm","mm":1,"nm":"Merge Paths 1","mn":"ADBE Vector Filter - Merge","hd":false},{"ty":"fl","c":{"a":0,"k":[0.803921987496,0.882353001015,0.921568986481,1],"ix":4},"o":{"a":0,"k":100,"ix":5},"r":1,"bm":0,"nm":"Fill 1","mn":"ADBE Vector Graphic - Fill","hd":false},{"ty":"tr","p":{"a":0,"k":[41.404,20.562],"ix":2},"a":{"a":0,"k":[0,0],"ix":1},"s":{"a":0,"k":[100,100],"ix":3},"r":{"a":0,"k":0,"ix":6},"o":{"a":0,"k":100,"ix":7},"sk":{"a":0,"k":0,"ix":4},"sa":{"a":0,"k":0,"ix":5},"nm":"Transform"}],"nm":"Group 8","np":6,"cix":2,"bm":0,"ix":3,"mn":"ADBE Vector Group","hd":false},{"ty":"gr","it":[{"ind":0,"ty":"sh","ix":1,"ks":{"a":0,"k":{"i":[[0,0],[0,0],[0,0],[3.313,0],[0,0],[0,3.312]],"o":[[0,0],[0,0],[0,3.312],[0,0],[-3.312,0],[0,0]],"v":[[-39.619,-24.072],[39.619,-24.072],[39.619,18.072],[33.619,24.072],[-33.619,24.072],[-39.619,18.072]],"c":true},"ix":2},"nm":"Path 1","mn":"ADBE Vector Shape - Group","hd":false},{"ind":1,"ty":"sh","ix":2,"ks":{"a":0,"k":{"i":[[0,0]],"o":[[0,0]],"v":[[-39.619,-24.072]],"c":false},"ix":2},"nm":"Path 2","mn":"ADBE Vector Shape - Group","hd":false},{"ty":"mm","mm":1,"nm":"Merge Paths 1","mn":"ADBE Vector Filter - Merge","hd":false},{"ty":"fl","c":{"a":0,"k":[0.968626972273,0.980391977348,0.988234994926,1],"ix":4},"o":{"a":0,"k":100,"ix":5},"r":1,"bm":0,"nm":"Fill 1","mn":"ADBE Vector Graphic - Fill","hd":false},{"ty":"tr","p":{"a":0,"k":[41.326,65.197],"ix":2},"a":{"a":0,"k":[0,0],"ix":1},"s":{"a":0,"k":[100,100],"ix":3},"r":{"a":0,"k":0,"ix":6},"o":{"a":0,"k":100,"ix":7},"sk":{"a":0,"k":0,"ix":4},"sa":{"a":0,"k":0,"ix":5},"nm":"Transform"}],"nm":"Group 9","np":4,"cix":2,"bm":0,"ix":4,"mn":"ADBE Vector Group","hd":false}],"ip":0,"op":1800.0000733155,"st":0,"bm":0},{"ddd":0,"ind":38,"ty":4,"nm":"dropShadow","parent":1,"sr":1,"ks":{"o":{"a":0,"k":100,"ix":11},"r":{"a":0,"k":0,"ix":10},"p":{"a":0,"k":[48,51.129,0],"ix":2},"a":{"a":0,"k":[41.5,45,0],"ix":1},"s":{"a":0,"k":[100,100,100],"ix":6}},"ao":0,"shapes":[{"ty":"gr","it":[{"ind":0,"ty":"sh","ix":1,"ks":{"a":0,"k":{"i":[[0,0],[0,0],[0,0],[3.313,0],[0,0],[0,3.312]],"o":[[0,0],[0,0],[0,3.312],[0,0],[-3.312,0],[0,0]],"v":[[-39.377,-24.072],[39.619,-24.072],[39.619,18.072],[33.619,24.072],[-33.377,24.072],[-39.377,18.072]],"c":true},"ix":2},"nm":"Path 1","mn":"ADBE Vector Shape - Group","hd":false},{"ty":"fl","c":{"a":0,"k":[0.470588265213,0.564705882353,0.611764705882,1],"ix":4},"o":{"a":0,"k":100,"ix":5},"r":1,"bm":0,"nm":"Fill 1","mn":"ADBE Vector Graphic - Fill","hd":false},{"ty":"tr","p":{"a":0,"k":[41.326,65.197],"ix":2},"a":{"a":0,"k":[0,0],"ix":1},"s":{"a":0,"k":[100,100],"ix":3},"r":{"a":0,"k":0,"ix":6},"o":{"a":0,"k":100,"ix":7},"sk":{"a":0,"k":0,"ix":4},"sa":{"a":0,"k":0,"ix":5},"nm":"Transform"}],"nm":"Group 9","np":2,"cix":2,"bm":0,"ix":1,"mn":"ADBE Vector Group","hd":false}],"ip":0,"op":1800.0000733155,"st":0,"bm":0},{"ddd":0,"ind":40,"ty":4,"nm":"blob Outlines 5","td":1,"sr":1,"ks":{"o":{"a":0,"k":100,"ix":11},"r":{"a":0,"k":0,"ix":10},"p":{"a":0,"k":[280,190,0],"ix":2},"a":{"a":0,"k":[62.5,57,0],"ix":1},"s":{"a":0,"k":[293,293,100],"ix":6}},"ao":0,"shapes":[{"ty":"gr","it":[{"ind":0,"ty":"sh","ix":1,"ks":{"a":1,"k":[{"i":{"x":0.833,"y":0.833},"o":{"x":0.167,"y":0.167},"t":1,"s":[{"i":[[-15.562,2.266],[-13.718,-15.492],[6.32,-19.989],[16.926,-6.758],[15.446,7.738],[4.125,16.136],[-11.348,12.657]],"o":[[20.524,-2.984],[13.918,15.719],[-5.473,17.32],[-16.047,6.41],[-14.937,-7.484],[-4.199,-16.438],[10.476,-11.679]],"v":[[-4.012,-52.082],[54.988,-47.895],[52.551,11.805],[22.711,54.203],[-25.258,42.871],[-61.496,12.012],[-44.738,-33.387]],"c":true}]},{"i":{"x":0.833,"y":0.833},"o":{"x":0.167,"y":0.167},"t":29,"s":[{"i":[[-15.562,2.266],[-13.718,-15.492],[6.32,-19.989],[16.926,-6.758],[15.446,7.738],[4.125,16.136],[-11.348,12.657]],"o":[[20.524,-2.984],[13.918,15.719],[-5.473,17.32],[-16.047,6.41],[-14.937,-7.484],[-4.199,-16.438],[10.476,-11.679]],"v":[[-4.012,-52.082],[56.353,-45.165],[51.868,11.805],[23.735,53.862],[-25.258,42.871],[-61.496,12.012],[-41.325,-33.387]],"c":true}]},{"t":55.0000022401959,"s":[{"i":[[-15.562,2.266],[-13.718,-15.492],[6.32,-19.989],[16.926,-6.758],[15.446,7.738],[4.125,16.136],[-11.348,12.657]],"o":[[20.524,-2.984],[13.918,15.719],[-5.473,17.32],[-16.047,6.41],[-14.937,-7.484],[-4.199,-16.438],[10.476,-11.679]],"v":[[-4.012,-52.082],[54.988,-47.895],[52.551,11.805],[22.711,54.203],[-25.258,42.871],[-61.496,12.012],[-44.738,-33.387]],"c":true}]}],"ix":2},"nm":"Path 1","mn":"ADBE Vector Shape - Group","hd":false},{"ty":"fl","c":{"a":0,"k":[0.996078012504,1,0.019607798258,1],"ix":4},"o":{"a":0,"k":100,"ix":5},"r":1,"bm":0,"nm":"Fill 1","mn":"ADBE Vector Graphic - Fill","hd":false},{"ty":"tr","p":{"a":0,"k":[62.5,57],"ix":2},"a":{"a":0,"k":[0,0],"ix":1},"s":{"a":0,"k":[100,100],"ix":3},"r":{"a":0,"k":0,"ix":6},"o":{"a":0,"k":100,"ix":7},"sk":{"a":0,"k":0,"ix":4},"sa":{"a":0,"k":0,"ix":5},"nm":"Transform"}],"nm":"Group 1","np":2,"cix":2,"bm":0,"ix":1,"mn":"ADBE Vector Group","hd":false}],"ip":0,"op":1800.0000733155,"st":0,"bm":0},{"ddd":0,"ind":41,"ty":4,"nm":"blob Outlines 3","tt":1,"sr":1,"ks":{"o":{"a":0,"k":100,"ix":11},"r":{"a":0,"k":0,"ix":10},"p":{"a":0,"k":[350,260,0],"ix":2},"a":{"a":0,"k":[62.5,57,0],"ix":1},"s":{"a":0,"k":[293,293,100],"ix":6}},"ao":0,"shapes":[{"ty":"gr","it":[{"ind":0,"ty":"sh","ix":1,"ks":{"a":1,"k":[{"i":{"x":0.833,"y":0.833},"o":{"x":0.167,"y":0.167},"t":0,"s":[{"i":[[-15.562,2.266],[-13.718,-15.492],[6.32,-19.989],[16.926,-6.758],[15.446,7.738],[4.125,16.136],[-11.348,12.657]],"o":[[20.524,-2.984],[13.918,15.719],[-5.473,17.32],[-16.047,6.41],[-14.937,-7.484],[-4.199,-16.438],[10.476,-11.679]],"v":[[-4.012,-52.082],[54.988,-47.895],[52.551,11.805],[22.711,54.203],[-25.258,42.871],[-61.496,12.012],[-44.738,-33.387]],"c":true}]},{"i":{"x":0.833,"y":0.833},"o":{"x":0.167,"y":0.167},"t":28,"s":[{"i":[[-15.562,2.266],[-13.718,-15.492],[6.32,-19.989],[16.926,-6.758],[15.446,7.738],[4.125,16.136],[-11.348,12.657]],"o":[[20.524,-2.984],[13.918,15.719],[-5.473,17.32],[-16.047,6.41],[-14.937,-7.484],[-4.199,-16.438],[10.476,-11.679]],"v":[[2.473,-54.812],[54.988,-47.895],[56.305,8.392],[22.711,54.203],[-25.258,42.871],[-61.496,12.012],[-44.738,-33.387]],"c":true}]},{"t":55.0000022401959,"s":[{"i":[[-15.562,2.266],[-13.718,-15.492],[6.32,-19.989],[16.926,-6.758],[15.446,7.738],[4.125,16.136],[-11.348,12.657]],"o":[[20.524,-2.984],[13.918,15.719],[-5.473,17.32],[-16.047,6.41],[-14.937,-7.484],[-4.199,-16.438],[10.476,-11.679]],"v":[[-4.012,-52.082],[54.988,-47.895],[52.551,11.805],[22.711,54.203],[-25.258,42.871],[-61.496,12.012],[-44.738,-33.387]],"c":true}]}],"ix":2},"nm":"Path 1","mn":"ADBE Vector Shape - Group","hd":false},{"ty":"fl","c":{"a":0,"k":[0.930701281978,0.934359681373,0.038144407085,1],"ix":4},"o":{"a":0,"k":100,"ix":5},"r":1,"bm":0,"nm":"Fill 1","mn":"ADBE Vector Graphic - Fill","hd":false},{"ty":"tr","p":{"a":0,"k":[-7.5,77],"ix":2},"a":{"a":0,"k":[0,0],"ix":1},"s":{"a":0,"k":[100,100],"ix":3},"r":{"a":0,"k":0,"ix":6},"o":{"a":0,"k":100,"ix":7},"sk":{"a":0,"k":0,"ix":4},"sa":{"a":0,"k":0,"ix":5},"nm":"Transform"}],"nm":"Group 1","np":2,"cix":2,"bm":0,"ix":1,"mn":"ADBE Vector Group","hd":false}],"ip":0,"op":1800.0000733155,"st":0,"bm":0},{"ddd":0,"ind":42,"ty":4,"nm":"blob Outlines","sr":1,"ks":{"o":{"a":0,"k":100,"ix":11},"r":{"a":0,"k":0,"ix":10},"p":{"a":0,"k":[280,190,0],"ix":2},"a":{"a":0,"k":[62.5,57,0],"ix":1},"s":{"a":0,"k":[293,293,100],"ix":6}},"ao":0,"shapes":[{"ty":"gr","it":[{"ind":0,"ty":"sh","ix":1,"ks":{"a":1,"k":[{"i":{"x":0.833,"y":0.833},"o":{"x":0.167,"y":0.167},"t":1,"s":[{"i":[[-15.562,2.266],[-13.718,-15.492],[6.32,-19.989],[16.926,-6.758],[15.446,7.738],[4.125,16.136],[-11.348,12.657]],"o":[[20.524,-2.984],[13.918,15.719],[-5.473,17.32],[-16.047,6.41],[-14.937,-7.484],[-4.199,-16.438],[10.476,-11.679]],"v":[[-4.012,-52.082],[54.988,-47.895],[52.551,11.805],[22.711,54.203],[-25.258,42.871],[-61.496,12.012],[-44.738,-33.387]],"c":true}]},{"i":{"x":0.833,"y":0.833},"o":{"x":0.167,"y":0.167},"t":29,"s":[{"i":[[-15.562,2.266],[-13.718,-15.492],[6.32,-19.989],[16.926,-6.758],[15.446,7.738],[4.125,16.136],[-11.348,12.657]],"o":[[20.524,-2.984],[13.918,15.719],[-5.473,17.32],[-16.047,6.41],[-14.937,-7.484],[-4.199,-16.438],[10.476,-11.679]],"v":[[-4.012,-52.082],[56.353,-45.165],[51.868,11.805],[23.735,53.862],[-25.258,42.871],[-61.496,12.012],[-41.325,-33.387]],"c":true}]},{"t":55.0000022401959,"s":[{"i":[[-15.562,2.266],[-13.718,-15.492],[6.32,-19.989],[16.926,-6.758],[15.446,7.738],[4.125,16.136],[-11.348,12.657]],"o":[[20.524,-2.984],[13.918,15.719],[-5.473,17.32],[-16.047,6.41],[-14.937,-7.484],[-4.199,-16.438],[10.476,-11.679]],"v":[[-4.012,-52.082],[54.988,-47.895],[52.551,11.805],[22.711,54.203],[-25.258,42.871],[-61.496,12.012],[-44.738,-33.387]],"c":true}]}],"ix":2},"nm":"Path 1","mn":"ADBE Vector Shape - Group","hd":false},{"ty":"fl","c":{"a":0,"k":[0.996078012504,1,0.019607798258,1],"ix":4},"o":{"a":0,"k":100,"ix":5},"r":1,"bm":0,"nm":"Fill 1","mn":"ADBE Vector Graphic - Fill","hd":false},{"ty":"tr","p":{"a":0,"k":[62.5,57],"ix":2},"a":{"a":0,"k":[0,0],"ix":1},"s":{"a":0,"k":[100,100],"ix":3},"r":{"a":0,"k":0,"ix":6},"o":{"a":0,"k":100,"ix":7},"sk":{"a":0,"k":0,"ix":4},"sa":{"a":0,"k":0,"ix":5},"nm":"Transform"}],"nm":"Group 1","np":2,"cix":2,"bm":0,"ix":1,"mn":"ADBE Vector Group","hd":false}],"ip":0,"op":1800.0000733155,"st":0,"bm":0}],"markers":[]}