{"v":"5.5.7","meta":{"g":"LottieFiles AE 0.1.20","a":"","k":"","d":"","tc":""},"fr":30,"ip":0,"op":60,"w":1125,"h":1176,"nm":"Thank you! animation","ddd":0,"assets":[],"fonts":{"list":[{"fName":"SFProDisplay-Bold","fFamily":"SF Pro Display","fStyle":"Bold","ascent":70.458984375}]},"layers":[{"ddd":0,"ind":1,"ty":5,"nm":"Thank you!","sr":1,"ks":{"o":{"a":1,"k":[{"i":{"x":[0.833],"y":[1]},"o":{"x":[0.333],"y":[0]},"t":0,"s":[0]},{"t":11,"s":[100]}],"ix":11},"r":{"a":0,"k":0,"ix":10},"p":{"a":0,"k":[562,218.549,0],"ix":2},"a":{"a":0,"k":[-213.979,-21.451,0],"ix":1},"s":{"a":1,"k":[{"i":{"x":[0.833,0.833,0.833],"y":[1,1,1]},"o":{"x":[0.167,0.167,0.167],"y":[0,0,0]},"t":0,"s":[0,0,100]},{"t":11,"s":[100,100,100]}],"ix":6}},"ao":0,"t":{"d":{"k":[{"s":{"s":84,"f":"SFProDisplay-Bold","t":"Get VISA","j":1,"tr":0,"lh":100.8,"ls":0,"fc":[0.282,0.596,0.357]},"t":0}]},"p":{},"m":{"g":1,"a":{"a":0,"k":[0,0],"ix":2}},"a":[]},"ip":0,"op":300,"st":0,"bm":0},{"ddd":0,"ind":2,"ty":4,"nm":"Слой 1","parent":11,"sr":1,"ks":{"o":{"a":0,"k":100,"ix":11},"r":{"a":1,"k":[{"i":{"x":[0.833],"y":[1]},"o":{"x":[0.333],"y":[0]},"t":23,"s":[0.837]},{"t":26,"s":[-27.904]}],"ix":10},"p":{"a":0,"k":[294.894,153.337,0],"ix":2},"a":{"a":0,"k":[300.836,159.474,0],"ix":1},"s":{"a":0,"k":[100,100,100],"ix":6}},"ao":0,"shapes":[{"ty":"gr","it":[{"ind":0,"ty":"sh","ix":1,"ks":{"a":0,"k":{"i":[[-6.676,1.441],[-11.536,3.517],[0,-0.005],[-2.485,-0.91],[-27.752,-4.157],[1.344,-6.862],[21.27,-3.103],[25.706,9.924],[0.009,0.004],[9.859,-2.065],[2.429,11.057],[0.013,0.083]],"o":[[11.474,-2.323],[0,0.005],[2.401,-0.585],[24.509,9.333],[7.237,1.001],[-0.016,0.084],[-31,4.523],[-0.009,-0.004],[-10.227,2.896],[-7.091,1.485],[-0.018,-0.082],[-1.05,-6.785]],"v":[[196.031,132.786],[236.627,121.339],[236.627,121.354],[244.097,121.761],[304.986,138.399],[327.629,161.593],[309.572,179.851],[233.425,152.379],[233.399,152.366],[202.479,160.079],[186.055,147.639],[186.016,147.391]],"c":true},"ix":2},"nm":"Path 1","mn":"ADBE Vector Shape - Group","hd":false},{"ty":"fl","c":{"a":0,"k":[1,0.662745118141,0.490196079016,1],"ix":4},"o":{"a":0,"k":100,"ix":5},"r":1,"bm":0,"nm":"Fill 1","mn":"ADBE Vector Graphic - Fill","hd":false},{"ty":"tr","p":{"a":0,"k":[0,0],"ix":2},"a":{"a":0,"k":[0,0],"ix":1},"s":{"a":0,"k":[100,100],"ix":3},"r":{"a":0,"k":0,"ix":6},"o":{"a":0,"k":100,"ix":7},"sk":{"a":0,"k":0,"ix":4},"sa":{"a":0,"k":0,"ix":5},"nm":"Transform"}],"nm":"Group 1","np":2,"cix":2,"bm":0,"ix":1,"mn":"ADBE Vector Group","hd":false}],"ip":0,"op":300,"st":0,"bm":0},{"ddd":0,"ind":3,"ty":4,"nm":"kist","parent":5,"sr":1,"ks":{"o":{"a":0,"k":100,"ix":11},"r":{"a":0,"k":0,"ix":10},"p":{"a":0,"k":[265.651,73.746,0],"ix":2},"a":{"a":0,"k":[265.651,73.746,0],"ix":1},"s":{"a":0,"k":[100,100,100],"ix":6}},"ao":0,"shapes":[{"ty":"gr","it":[{"ind":0,"ty":"sh","ix":1,"ks":{"a":0,"k":{"i":[[7.004,4.036],[0,0],[0,0],[0,0],[11.875,-20.611],[0,0],[-20.61,-11.878],[0,0],[0,0],[0,0],[-3.584,6.222],[0,0],[6.22,3.584],[0,0],[-4.036,7.006],[0,0],[7.005,4.035],[0,0],[-4.036,7.005],[0,0],[7.005,4.037],[-4.036,7.005],[0,0]],"o":[[0,0],[0,0],[0,0],[-20.61,-11.877],[0,0],[-11.875,20.609],[0,0],[0,0],[0,0],[6.221,3.585],[0,0],[3.586,-6.221],[0,0],[7.004,4.036],[0,0],[4.037,-7.005],[0,0],[7.005,4.037],[0,0],[4.035,-7.005],[7.005,4.037],[0,0],[4.037,-7.004]],"v":[[381.742,76.025],[355.728,61.034],[355.728,61.034],[325.207,43.447],[266.385,59.261],[251.987,84.247],[267.802,143.069],[298.323,160.656],[298.323,160.656],[316.39,171.067],[334.145,166.293],[334.275,166.066],[329.503,148.311],[333.629,150.688],[353.62,145.313],[353.768,145.058],[348.393,125.067],[352.214,127.268],[372.205,121.893],[372.353,121.638],[366.978,101.646],[386.969,96.272],[387.116,96.016]],"c":true},"ix":2},"nm":"Path 1","mn":"ADBE Vector Shape - Group","hd":false},{"ty":"fl","c":{"a":0,"k":[1,0.776470601559,0.572549045086,1],"ix":4},"o":{"a":0,"k":100,"ix":5},"r":1,"bm":0,"nm":"Fill 1","mn":"ADBE Vector Graphic - Fill","hd":false},{"ty":"tr","p":{"a":0,"k":[0,0],"ix":2},"a":{"a":0,"k":[0,0],"ix":1},"s":{"a":0,"k":[100,100],"ix":3},"r":{"a":0,"k":0,"ix":6},"o":{"a":0,"k":100,"ix":7},"sk":{"a":0,"k":0,"ix":4},"sa":{"a":0,"k":0,"ix":5},"nm":"Transform"}],"nm":"Group 1","np":2,"cix":2,"bm":0,"ix":1,"mn":"ADBE Vector Group","hd":false}],"ip":0,"op":300,"st":0,"bm":0},{"ddd":0,"ind":4,"ty":4,"nm":"Rectangle 442","td":1,"sr":1,"ks":{"o":{"a":0,"k":100,"ix":11},"r":{"a":0,"k":0,"ix":10},"p":{"a":0,"k":[562,666,0],"ix":2},"a":{"a":0,"k":[0,0,0],"ix":1},"s":{"a":0,"k":[292,292,100],"ix":6}},"ao":0,"shapes":[{"ty":"gr","it":[{"ind":0,"ty":"sh","ix":1,"ks":{"a":0,"k":{"i":[[-8.315,0],[0,0],[0,-8.315],[0,0],[8.315,0],[0,0],[0,8.315],[0,0]],"o":[[0,0],[8.315,0],[0,0],[0,8.315],[0,0],[-8.315,0],[0,0],[0,-8.315]],"v":[[-79.522,-112],[79.522,-112],[94.578,-96.944],[94.578,96.944],[79.522,112],[-79.522,112],[-94.578,96.944],[-94.578,-96.944]],"c":true},"ix":2},"nm":"Path 1","mn":"ADBE Vector Shape - Group","hd":false},{"ty":"fl","c":{"a":0,"k":[0.282352954149,0.596078455448,0.35686275363,1],"ix":4},"o":{"a":0,"k":100,"ix":5},"r":1,"bm":0,"nm":"Fill 1","mn":"ADBE Vector Graphic - Fill","hd":false},{"ty":"tr","p":{"a":0,"k":[0,0],"ix":2},"a":{"a":0,"k":[0,0],"ix":1},"s":{"a":0,"k":[100,100],"ix":3},"r":{"a":0,"k":0,"ix":6},"o":{"a":0,"k":100,"ix":7},"sk":{"a":0,"k":0,"ix":4},"sa":{"a":0,"k":0,"ix":5},"nm":"Transform"}],"nm":"Rectangle 442","np":2,"cix":2,"bm":0,"ix":1,"mn":"ADBE Vector Group","hd":false}],"ip":0,"op":300,"st":0,"bm":0},{"ddd":0,"ind":5,"ty":4,"nm":"arm","tt":1,"sr":1,"ks":{"o":{"a":0,"k":100,"ix":11},"r":{"a":1,"k":[{"i":{"x":[0.833],"y":[1]},"o":{"x":[0.167],"y":[0]},"t":10,"s":[72.745]},{"i":{"x":[0.833],"y":[1]},"o":{"x":[0.167],"y":[0]},"t":17,"s":[0]},{"i":{"x":[0.833],"y":[1]},"o":{"x":[0.167],"y":[0]},"t":23,"s":[-15.679]},{"i":{"x":[0.833],"y":[1]},"o":{"x":[0.167],"y":[0]},"t":26,"s":[5.952]},{"i":{"x":[0.833],"y":[1]},"o":{"x":[0.167],"y":[0]},"t":28,"s":[2.136]},{"t":30,"s":[5.952]}],"ix":10},"p":{"a":1,"k":[{"i":{"x":0.667,"y":1},"o":{"x":0.333,"y":0},"t":10,"s":[-42.813,529.737,0],"to":[35,12.333,0],"ti":[-42,19,0]},{"i":{"x":0.667,"y":1},"o":{"x":0.333,"y":0},"t":23,"s":[167.187,603.737,0],"to":[42,-19,0],"ti":[-7,31.333,0]},{"t":26,"s":[209.187,415.737,0]}],"ix":2},"a":{"a":0,"k":[-14.313,-87.431,0],"ix":1},"s":{"a":0,"k":[100,100,100],"ix":6}},"ao":0,"shapes":[{"ty":"gr","it":[{"ty":"gr","it":[{"ind":0,"ty":"sh","ix":1,"ks":{"a":0,"k":{"i":[[0.636,-3.01],[3.009,0.636],[-0.636,3.01],[-3.009,-0.636]],"o":[[-0.636,3.009],[-3.009,-0.636],[0.636,-3.009],[3.01,0.636]],"v":[[193.767,75.44],[187.167,79.738],[182.869,73.137],[189.47,68.84]],"c":true},"ix":2},"nm":"Path 1","mn":"ADBE Vector Shape - Group","hd":false},{"ty":"fl","c":{"a":0,"k":[0.929411768913,0.929411768913,0.929411768913,1],"ix":4},"o":{"a":0,"k":100,"ix":5},"r":1,"bm":0,"nm":"Fill 1","mn":"ADBE Vector Graphic - Fill","hd":false},{"ty":"tr","p":{"a":0,"k":[0,0],"ix":2},"a":{"a":0,"k":[0,0],"ix":1},"s":{"a":0,"k":[100,100],"ix":3},"r":{"a":0,"k":0,"ix":6},"o":{"a":0,"k":100,"ix":7},"sk":{"a":0,"k":0,"ix":4},"sa":{"a":0,"k":0,"ix":5},"nm":"Transform"}],"nm":"Group 1","np":2,"cix":2,"bm":0,"ix":1,"mn":"ADBE Vector Group","hd":false},{"ty":"gr","it":[{"ind":0,"ty":"sh","ix":1,"ks":{"a":0,"k":{"i":[[0.637,-3.01],[3.01,0.636],[-0.636,3.008],[-3.01,-0.636]],"o":[[-0.635,3.009],[-3.009,-0.636],[0.636,-3.01],[3.01,0.636]],"v":[[178.326,66.376],[171.725,70.673],[167.428,64.073],[174.028,59.775]],"c":true},"ix":2},"nm":"Path 1","mn":"ADBE Vector Shape - Group","hd":false},{"ty":"fl","c":{"a":0,"k":[0.929411768913,0.929411768913,0.929411768913,1],"ix":4},"o":{"a":0,"k":100,"ix":5},"r":1,"bm":0,"nm":"Fill 1","mn":"ADBE Vector Graphic - Fill","hd":false},{"ty":"tr","p":{"a":0,"k":[0,0],"ix":2},"a":{"a":0,"k":[0,0],"ix":1},"s":{"a":0,"k":[100,100],"ix":3},"r":{"a":0,"k":0,"ix":6},"o":{"a":0,"k":100,"ix":7},"sk":{"a":0,"k":0,"ix":4},"sa":{"a":0,"k":0,"ix":5},"nm":"Transform"}],"nm":"Group 2","np":2,"cix":2,"bm":0,"ix":2,"mn":"ADBE Vector Group","hd":false},{"ty":"gr","it":[{"ind":0,"ty":"sh","ix":1,"ks":{"a":0,"k":{"i":[[0.636,-3.009],[3.01,0.636],[-0.636,3.008],[-3.01,-0.636]],"o":[[-0.635,3.009],[-3.009,-0.636],[0.636,-3.009],[3.009,0.636]],"v":[[162.757,57.236],[156.157,61.534],[151.86,54.934],[158.46,50.635]],"c":true},"ix":2},"nm":"Path 1","mn":"ADBE Vector Shape - Group","hd":false},{"ty":"fl","c":{"a":0,"k":[0.929411768913,0.929411768913,0.929411768913,1],"ix":4},"o":{"a":0,"k":100,"ix":5},"r":1,"bm":0,"nm":"Fill 1","mn":"ADBE Vector Graphic - Fill","hd":false},{"ty":"tr","p":{"a":0,"k":[0,0],"ix":2},"a":{"a":0,"k":[0,0],"ix":1},"s":{"a":0,"k":[100,100],"ix":3},"r":{"a":0,"k":0,"ix":6},"o":{"a":0,"k":100,"ix":7},"sk":{"a":0,"k":0,"ix":4},"sa":{"a":0,"k":0,"ix":5},"nm":"Transform"}],"nm":"Group 3","np":2,"cix":2,"bm":0,"ix":3,"mn":"ADBE Vector Group","hd":false},{"ty":"tr","p":{"a":0,"k":[0,0],"ix":2},"a":{"a":0,"k":[0,0],"ix":1},"s":{"a":0,"k":[100,100],"ix":3},"r":{"a":0,"k":0,"ix":6},"o":{"a":0,"k":100,"ix":7},"sk":{"a":0,"k":0,"ix":4},"sa":{"a":0,"k":0,"ix":5},"nm":"Transform"}],"nm":"Group 1","np":3,"cix":2,"bm":0,"ix":1,"mn":"ADBE Vector Group","hd":false},{"ty":"gr","it":[{"ind":0,"ty":"sh","ix":1,"ks":{"a":0,"k":{"i":[[0,0],[0,0],[0,0],[0,0]],"o":[[0,0],[0,0],[0,0],[0,0]],"v":[[-41.313,-41.932],[10.053,-129.431],[247.983,8.845],[196.616,96.343]],"c":true},"ix":2},"nm":"Path 1","mn":"ADBE Vector Shape - Group","hd":false},{"ty":"fl","c":{"a":0,"k":[0.156862750649,0.196078434587,0.305882364511,1],"ix":4},"o":{"a":0,"k":100,"ix":5},"r":1,"bm":0,"nm":"Fill 1","mn":"ADBE Vector Graphic - Fill","hd":false},{"ty":"tr","p":{"a":0,"k":[0,0],"ix":2},"a":{"a":0,"k":[0,0],"ix":1},"s":{"a":0,"k":[100,100],"ix":3},"r":{"a":0,"k":0,"ix":6},"o":{"a":0,"k":100,"ix":7},"sk":{"a":0,"k":0,"ix":4},"sa":{"a":0,"k":0,"ix":5},"nm":"Transform"}],"nm":"Group 2","np":2,"cix":2,"bm":0,"ix":2,"mn":"ADBE Vector Group","hd":false},{"ty":"gr","it":[{"ind":0,"ty":"sh","ix":1,"ks":{"a":0,"k":{"i":[[0,0],[0,0],[0,0],[0,0]],"o":[[0,0],[0,0],[0,0],[0,0]],"v":[[190.119,86.342],[235.314,8.247],[280.373,34.325],[235.177,112.419]],"c":true},"ix":2},"nm":"Path 1","mn":"ADBE Vector Shape - Group","hd":false},{"ty":"fl","c":{"a":0,"k":[0.929411768913,0.929411768913,0.929411768913,1],"ix":4},"o":{"a":0,"k":100,"ix":5},"r":1,"bm":0,"nm":"Fill 1","mn":"ADBE Vector Graphic - Fill","hd":false},{"ty":"tr","p":{"a":0,"k":[0,0],"ix":2},"a":{"a":0,"k":[0,0],"ix":1},"s":{"a":0,"k":[100,100],"ix":3},"r":{"a":0,"k":0,"ix":6},"o":{"a":0,"k":100,"ix":7},"sk":{"a":0,"k":0,"ix":4},"sa":{"a":0,"k":0,"ix":5},"nm":"Transform"}],"nm":"Group 3","np":2,"cix":2,"bm":0,"ix":3,"mn":"ADBE Vector Group","hd":false},{"ty":"gr","it":[{"ind":0,"ty":"sh","ix":1,"ks":{"a":0,"k":{"i":[[0,0],[0,0],[0,0],[0,0]],"o":[[0,0],[0,0],[0,0],[0,0]],"v":[[271.168,126.536],[220.107,96.561],[260.059,28.507],[311.119,58.482]],"c":true},"ix":2},"nm":"Path 1","mn":"ADBE Vector Shape - Group","hd":false},{"ty":"fl","c":{"a":0,"k":[1,0.776470601559,0.572549045086,1],"ix":4},"o":{"a":0,"k":100,"ix":5},"r":1,"bm":0,"nm":"Fill 1","mn":"ADBE Vector Graphic - Fill","hd":false},{"ty":"tr","p":{"a":0,"k":[0,0],"ix":2},"a":{"a":0,"k":[0,0],"ix":1},"s":{"a":0,"k":[100,100],"ix":3},"r":{"a":0,"k":0,"ix":6},"o":{"a":0,"k":100,"ix":7},"sk":{"a":0,"k":0,"ix":4},"sa":{"a":0,"k":0,"ix":5},"nm":"Transform"}],"nm":"Group 4","np":2,"cix":2,"bm":0,"ix":4,"mn":"ADBE Vector Group","hd":false}],"ip":0,"op":300,"st":0,"bm":0},{"ddd":0,"ind":6,"ty":4,"nm":"5","parent":3,"sr":1,"ks":{"o":{"a":0,"k":100,"ix":11},"r":{"a":1,"k":[{"i":{"x":[0.667],"y":[1]},"o":{"x":[0.333],"y":[0]},"t":10,"s":[0]},{"t":23,"s":[0]}],"ix":10},"p":{"a":1,"k":[{"i":{"x":0.667,"y":0.667},"o":{"x":0.333,"y":0.333},"t":10,"s":[293.465,60.218,0],"to":[0,0,0],"ti":[0,0,0]},{"i":{"x":0.667,"y":1},"o":{"x":0.333,"y":0},"t":23,"s":[293.465,60.218,0],"to":[-0.273,0.196,0],"ti":[0.273,-0.196,0]},{"t":26,"s":[291.829,61.394,0]}],"ix":2},"a":{"a":0,"k":[293.465,60.218,0],"ix":1},"s":{"a":0,"k":[100,100,100],"ix":6}},"ao":0,"shapes":[{"ty":"gr","it":[{"ind":0,"ty":"sh","ix":1,"ks":{"a":0,"k":{"i":[[6.676,1.441],[11.536,3.517],[0,-0.005],[2.485,-0.91],[27.752,-4.157],[-1.344,-6.862],[-7.635,1.13],[-25.706,9.924],[-0.009,0.004],[-9.859,-2.065],[-2.429,11.057],[-0.013,0.083]],"o":[[-11.474,-2.323],[0,0.005],[-2.401,-0.585],[-24.509,9.333],[-7.237,1.001],[0.016,0.084],[29.018,-4.571],[0.009,-0.004],[10.227,2.896],[7.091,1.485],[0.018,-0.082],[1.049,-6.785]],"v":[[401.27,33.618],[360.675,22.172],[360.674,22.186],[353.204,22.593],[292.316,39.232],[272.582,59.857],[282.865,81.581],[363.876,53.212],[363.902,53.199],[394.823,60.911],[411.246,48.472],[411.286,48.224]],"c":true},"ix":2},"nm":"Path 1","mn":"ADBE Vector Shape - Group","hd":false},{"ty":"fl","c":{"a":0,"k":[1,0.776470601559,0.572549045086,1],"ix":4},"o":{"a":0,"k":100,"ix":5},"r":1,"bm":0,"nm":"Fill 1","mn":"ADBE Vector Graphic - Fill","hd":false},{"ty":"tr","p":{"a":0,"k":[0,0],"ix":2},"a":{"a":0,"k":[0,0],"ix":1},"s":{"a":0,"k":[100,100],"ix":3},"r":{"a":0,"k":0,"ix":6},"o":{"a":0,"k":100,"ix":7},"sk":{"a":0,"k":0,"ix":4},"sa":{"a":0,"k":0,"ix":5},"nm":"Transform"}],"nm":"Group 1","np":2,"cix":2,"bm":0,"ix":1,"mn":"ADBE Vector Group","hd":false}],"ip":0,"op":300,"st":0,"bm":0},{"ddd":0,"ind":7,"ty":4,"nm":"1","parent":3,"sr":1,"ks":{"o":{"a":0,"k":100,"ix":11},"r":{"a":1,"k":[{"i":{"x":[0.667],"y":[1]},"o":{"x":[0.333],"y":[0]},"t":10,"s":[0]},{"i":{"x":[0.833],"y":[1]},"o":{"x":[0.333],"y":[0]},"t":23,"s":[0]},{"t":26,"s":[2.098]}],"ix":10},"p":{"a":1,"k":[{"i":{"x":0.667,"y":0.667},"o":{"x":0.333,"y":0.333},"t":10,"s":[367.907,84.639,0],"to":[0,0,0],"ti":[0,0,0]},{"i":{"x":0.667,"y":1},"o":{"x":0.333,"y":0},"t":23,"s":[367.907,84.639,0],"to":[-0.273,0.196,0],"ti":[0.273,-0.196,0]},{"t":26,"s":[366.27,85.815,0]}],"ix":2},"a":{"a":0,"k":[367.907,84.639,0],"ix":1},"s":{"a":0,"k":[100,100,100],"ix":6}},"ao":0,"shapes":[{"ty":"gr","it":[{"ind":0,"ty":"sh","ix":1,"ks":{"a":0,"k":{"i":[[-4.036,7.005],[0,0],[-7.005,-4.036],[0,0],[4.036,-7.005],[0,0],[7.005,4.036],[0,0]],"o":[[0,0],[4.037,-7.004],[0,0],[7.004,4.037],[0,0],[-4.036,7.005],[0,0],[-7.004,-4.036]],"v":[[354.482,77.552],[354.63,77.295],[374.621,71.921],[467.957,122.734],[473.332,142.726],[473.184,142.982],[453.193,148.357],[359.856,97.543]],"c":true},"ix":2},"nm":"Path 1","mn":"ADBE Vector Shape - Group","hd":false},{"ty":"fl","c":{"a":0,"k":[1,0.776470601559,0.572549045086,1],"ix":4},"o":{"a":0,"k":100,"ix":5},"r":1,"bm":0,"nm":"Fill 1","mn":"ADBE Vector Graphic - Fill","hd":false},{"ty":"tr","p":{"a":0,"k":[0,0],"ix":2},"a":{"a":0,"k":[0,0],"ix":1},"s":{"a":0,"k":[100,100],"ix":3},"r":{"a":0,"k":0,"ix":6},"o":{"a":0,"k":100,"ix":7},"sk":{"a":0,"k":0,"ix":4},"sa":{"a":0,"k":0,"ix":5},"nm":"Transform"}],"nm":"Group 1","np":2,"cix":2,"bm":0,"ix":1,"mn":"ADBE Vector Group","hd":false}],"ip":0,"op":300,"st":0,"bm":0},{"ddd":0,"ind":8,"ty":4,"nm":"2","parent":3,"sr":1,"ks":{"o":{"a":0,"k":100,"ix":11},"r":{"a":1,"k":[{"i":{"x":[0.667],"y":[1]},"o":{"x":[0.333],"y":[0]},"t":10,"s":[0]},{"i":{"x":[0.833],"y":[1]},"o":{"x":[0.333],"y":[0]},"t":23,"s":[0]},{"t":26,"s":[-6.634]}],"ix":10},"p":{"a":1,"k":[{"i":{"x":0.667,"y":0.667},"o":{"x":0.333,"y":0.333},"t":10,"s":[349.967,107.09,0],"to":[0,0,0],"ti":[0,0,0]},{"i":{"x":0.667,"y":1},"o":{"x":0.333,"y":0},"t":23,"s":[349.967,107.09,0],"to":[-0.273,0.196,0],"ti":[0.273,-0.196,0]},{"t":26,"s":[348.33,108.266,0]}],"ix":2},"a":{"a":0,"k":[349.967,107.09,0],"ix":1},"s":{"a":0,"k":[100,100,100],"ix":6}},"ao":0,"shapes":[{"ty":"gr","it":[{"ind":0,"ty":"sh","ix":1,"ks":{"a":0,"k":{"i":[[-5.025,6.333],[0,0],[-6.333,-5.024],[0,0],[5.024,-6.334],[0,0],[6.333,5.023],[0,0]],"o":[[0,0],[5.024,-6.332],[0,0],[6.333,5.025],[0,0],[-5.025,6.334],[0,0],[-6.332,-5.024]],"v":[[336.012,95.803],[336.195,95.571],[356.76,93.202],[451.552,166.812],[453.922,187.377],[453.738,187.609],[433.173,189.979],[338.381,116.368]],"c":true},"ix":2},"nm":"Path 1","mn":"ADBE Vector Shape - Group","hd":false},{"ty":"fl","c":{"a":0,"k":[1,0.776470601559,0.572549045086,1],"ix":4},"o":{"a":0,"k":100,"ix":5},"r":1,"bm":0,"nm":"Fill 1","mn":"ADBE Vector Graphic - Fill","hd":false},{"ty":"tr","p":{"a":0,"k":[0,0],"ix":2},"a":{"a":0,"k":[0,0],"ix":1},"s":{"a":0,"k":[100,100],"ix":3},"r":{"a":0,"k":0,"ix":6},"o":{"a":0,"k":100,"ix":7},"sk":{"a":0,"k":0,"ix":4},"sa":{"a":0,"k":0,"ix":5},"nm":"Transform"}],"nm":"Group 1","np":2,"cix":2,"bm":0,"ix":1,"mn":"ADBE Vector Group","hd":false}],"ip":0,"op":300,"st":0,"bm":0},{"ddd":0,"ind":9,"ty":4,"nm":"3","parent":3,"sr":1,"ks":{"o":{"a":0,"k":100,"ix":11},"r":{"a":1,"k":[{"i":{"x":[0.667],"y":[1]},"o":{"x":[0.333],"y":[0]},"t":10,"s":[0]},{"i":{"x":[0.833],"y":[1]},"o":{"x":[0.333],"y":[0]},"t":23,"s":[0]},{"t":26,"s":[-12.154]}],"ix":10},"p":{"a":1,"k":[{"i":{"x":0.667,"y":0.667},"o":{"x":0.333,"y":0.333},"t":10,"s":[332.896,128.111,0],"to":[0,0,0],"ti":[0,0,0]},{"i":{"x":0.667,"y":1},"o":{"x":0.333,"y":0},"t":23,"s":[332.896,128.111,0],"to":[-0.273,0.196,0],"ti":[0.273,-0.196,0]},{"t":26,"s":[331.259,129.287,0]}],"ix":2},"a":{"a":0,"k":[332.896,128.111,0],"ix":1},"s":{"a":0,"k":[100,100,100],"ix":6}},"ao":0,"shapes":[{"ty":"gr","it":[{"ind":0,"ty":"sh","ix":1,"ks":{"a":0,"k":{"i":[[-5.705,5.729],[0,0],[-5.729,-5.703],[0,0],[5.706,-5.73],[0,0],[5.729,5.704],[0,0]],"o":[[0,0],[5.703,-5.729],[0,0],[5.728,5.703],[0,0],[-5.705,5.729],[0,0],[-5.728,-5.704]],"v":[[320.518,116.758],[320.726,116.548],[341.427,116.502],[421.229,193.763],[421.272,214.465],[421.065,214.674],[400.363,214.719],[320.563,137.458]],"c":true},"ix":2},"nm":"Path 1","mn":"ADBE Vector Shape - Group","hd":false},{"ty":"fl","c":{"a":0,"k":[1,0.776470601559,0.572549045086,1],"ix":4},"o":{"a":0,"k":100,"ix":5},"r":1,"bm":0,"nm":"Fill 1","mn":"ADBE Vector Graphic - Fill","hd":false},{"ty":"tr","p":{"a":0,"k":[0,0],"ix":2},"a":{"a":0,"k":[0,0],"ix":1},"s":{"a":0,"k":[100,100],"ix":3},"r":{"a":0,"k":0,"ix":6},"o":{"a":0,"k":100,"ix":7},"sk":{"a":0,"k":0,"ix":4},"sa":{"a":0,"k":0,"ix":5},"nm":"Transform"}],"nm":"Group 1","np":2,"cix":2,"bm":0,"ix":1,"mn":"ADBE Vector Group","hd":false}],"ip":0,"op":300,"st":0,"bm":0},{"ddd":0,"ind":10,"ty":4,"nm":"4","parent":3,"sr":1,"ks":{"o":{"a":0,"k":100,"ix":11},"r":{"a":1,"k":[{"i":{"x":[0.667],"y":[1]},"o":{"x":[0.333],"y":[0]},"t":10,"s":[0]},{"i":{"x":[0.833],"y":[1]},"o":{"x":[0.333],"y":[0]},"t":23,"s":[0]},{"t":26,"s":[-20.905]}],"ix":10},"p":{"a":1,"k":[{"i":{"x":0.667,"y":0.667},"o":{"x":0.333,"y":0.333},"t":10,"s":[315.598,150.632,0],"to":[0,0,0],"ti":[0,0,0]},{"i":{"x":0.667,"y":1},"o":{"x":0.333,"y":0},"t":23,"s":[315.598,150.632,0],"to":[-0.138,0.685,0],"ti":[0.138,-0.685,0]},{"t":26,"s":[314.769,154.74,0]}],"ix":2},"a":{"a":0,"k":[315.598,150.632,0],"ix":1},"s":{"a":0,"k":[100,100,100],"ix":6}},"ao":0,"shapes":[{"ty":"gr","it":[{"ind":0,"ty":"sh","ix":1,"ks":{"a":0,"k":{"i":[[-5.555,4.551],[0,0],[-4.551,-5.554],[0,0],[5.554,-4.55],[0,0],[4.55,5.554],[0,0]],"o":[[0,0],[5.555,-4.55],[0,0],[4.55,5.555],[0,0],[-5.554,4.551],[0,0],[-4.55,-5.554]],"v":[[305.467,137.651],[305.67,137.484],[323.965,139.302],[383.546,210.317],[381.729,228.613],[381.525,228.779],[363.23,226.962],[303.649,155.947]],"c":true},"ix":2},"nm":"Path 1","mn":"ADBE Vector Shape - Group","hd":false},{"ty":"fl","c":{"a":0,"k":[1,0.776470601559,0.572549045086,1],"ix":4},"o":{"a":0,"k":100,"ix":5},"r":1,"bm":0,"nm":"Fill 1","mn":"ADBE Vector Graphic - Fill","hd":false},{"ty":"tr","p":{"a":0,"k":[0,0],"ix":2},"a":{"a":0,"k":[0,0],"ix":1},"s":{"a":0,"k":[100,100],"ix":3},"r":{"a":0,"k":0,"ix":6},"o":{"a":0,"k":100,"ix":7},"sk":{"a":0,"k":0,"ix":4},"sa":{"a":0,"k":0,"ix":5},"nm":"Transform"}],"nm":"Group 1","np":2,"cix":2,"bm":0,"ix":1,"mn":"ADBE Vector Group","hd":false}],"ip":0,"op":300,"st":0,"bm":0},{"ddd":0,"ind":11,"ty":4,"nm":"kist_1","parent":13,"sr":1,"ks":{"o":{"a":0,"k":100,"ix":11},"r":{"a":0,"k":0,"ix":10},"p":{"a":0,"k":[328.65,175.413,0],"ix":2},"a":{"a":0,"k":[328.65,175.413,0],"ix":1},"s":{"a":0,"k":[100,100,100],"ix":6}},"ao":0,"shapes":[{"ty":"gr","it":[{"ind":0,"ty":"sh","ix":1,"ks":{"a":0,"k":{"i":[[-15.923,14.979],[25.531,31.12]],"o":[[-15.39,9.781],[23.955,40.583]],"v":[[331,173.17],[250.829,163.368]],"c":true},"ix":2},"nm":"Path 1","mn":"ADBE Vector Shape - Group","hd":false},{"ty":"fl","c":{"a":0,"k":[0.901960790157,0.494117647409,0.29411765933,1],"ix":4},"o":{"a":0,"k":100,"ix":5},"r":1,"bm":0,"nm":"Fill 1","mn":"ADBE Vector Graphic - Fill","hd":false},{"ty":"tr","p":{"a":0,"k":[0,0],"ix":2},"a":{"a":0,"k":[0,0],"ix":1},"s":{"a":0,"k":[100,100],"ix":3},"r":{"a":0,"k":0,"ix":6},"o":{"a":0,"k":100,"ix":7},"sk":{"a":0,"k":0,"ix":4},"sa":{"a":0,"k":0,"ix":5},"nm":"Transform"}],"nm":"Group 1","np":2,"cix":2,"bm":0,"ix":1,"mn":"ADBE Vector Group","hd":false},{"ty":"gr","it":[{"ind":0,"ty":"sh","ix":1,"ks":{"a":0,"k":{"i":[[-7.004,4.036],[0,0],[0,0],[0,0],[-11.875,-20.611],[0,0],[20.61,-11.878],[0,0],[0,0],[0,0],[3.584,6.222],[0,0],[-6.22,3.584],[0,0],[4.036,7.006],[0,0],[-7.005,4.035],[0,0],[4.036,7.005],[0,0],[-7.005,4.037],[4.036,7.005],[0,0]],"o":[[0,0],[0,0],[0,0],[20.61,-11.877],[0,0],[11.875,20.609],[0,0],[0,0],[0,0],[-6.221,3.585],[0,0],[-3.586,-6.221],[0,0],[-7.004,4.036],[0,0],[-4.037,-7.005],[0,0],[-7.005,4.037],[0,0],[-4.035,-7.005],[-7.005,4.037],[0,0],[-4.037,-7.004]],"v":[[215.559,175.192],[241.574,160.202],[241.574,160.202],[272.094,142.615],[330.916,158.429],[345.314,183.415],[329.499,242.236],[298.978,259.823],[298.978,259.823],[280.912,270.234],[263.157,265.46],[263.027,265.233],[267.798,247.478],[263.673,249.855],[243.682,244.481],[243.534,244.225],[248.909,224.234],[245.088,226.435],[225.097,221.061],[224.948,220.805],[230.324,200.814],[210.333,195.439],[210.185,195.183]],"c":true},"ix":2},"nm":"Path 1","mn":"ADBE Vector Shape - Group","hd":false},{"ty":"fl","c":{"a":0,"k":[1,0.662745118141,0.490196079016,1],"ix":4},"o":{"a":0,"k":100,"ix":5},"r":1,"bm":0,"nm":"Fill 1","mn":"ADBE Vector Graphic - Fill","hd":false},{"ty":"tr","p":{"a":0,"k":[0,0],"ix":2},"a":{"a":0,"k":[0,0],"ix":1},"s":{"a":0,"k":[100,100],"ix":3},"r":{"a":0,"k":0,"ix":6},"o":{"a":0,"k":100,"ix":7},"sk":{"a":0,"k":0,"ix":4},"sa":{"a":0,"k":0,"ix":5},"nm":"Transform"}],"nm":"Group 2","np":2,"cix":2,"bm":0,"ix":2,"mn":"ADBE Vector Group","hd":false}],"ip":0,"op":300,"st":0,"bm":0},{"ddd":0,"ind":12,"ty":4,"nm":"Rectangle 443","td":1,"sr":1,"ks":{"o":{"a":0,"k":100,"ix":11},"r":{"a":0,"k":0,"ix":10},"p":{"a":0,"k":[562,666,0],"ix":2},"a":{"a":0,"k":[0,0,0],"ix":1},"s":{"a":0,"k":[292,292,100],"ix":6}},"ao":0,"shapes":[{"ty":"gr","it":[{"ind":0,"ty":"sh","ix":1,"ks":{"a":0,"k":{"i":[[-8.315,0],[0,0],[0,-8.315],[0,0],[8.315,0],[0,0],[0,8.315],[0,0]],"o":[[0,0],[8.315,0],[0,0],[0,8.315],[0,0],[-8.315,0],[0,0],[0,-8.315]],"v":[[-79.522,-112],[79.522,-112],[94.578,-96.944],[94.578,96.944],[79.522,112],[-79.522,112],[-94.578,96.944],[-94.578,-96.944]],"c":true},"ix":2},"nm":"Path 1","mn":"ADBE Vector Shape - Group","hd":false},{"ty":"fl","c":{"a":0,"k":[0.282352954149,0.596078455448,0.35686275363,1],"ix":4},"o":{"a":0,"k":100,"ix":5},"r":1,"bm":0,"nm":"Fill 1","mn":"ADBE Vector Graphic - Fill","hd":false},{"ty":"tr","p":{"a":0,"k":[0,0],"ix":2},"a":{"a":0,"k":[0,0],"ix":1},"s":{"a":0,"k":[100,100],"ix":3},"r":{"a":0,"k":0,"ix":6},"o":{"a":0,"k":100,"ix":7},"sk":{"a":0,"k":0,"ix":4},"sa":{"a":0,"k":0,"ix":5},"nm":"Transform"}],"nm":"Rectangle 442","np":2,"cix":2,"bm":0,"ix":1,"mn":"ADBE Vector Group","hd":false}],"ip":0,"op":300,"st":0,"bm":0},{"ddd":0,"ind":13,"ty":4,"nm":"arm_1","tt":1,"sr":1,"ks":{"o":{"a":0,"k":100,"ix":11},"r":{"a":1,"k":[{"i":{"x":[0.833],"y":[1]},"o":{"x":[0.333],"y":[0]},"t":10,"s":[-84.134]},{"i":{"x":[0.833],"y":[1]},"o":{"x":[0.167],"y":[0]},"t":17,"s":[0]},{"i":{"x":[0.833],"y":[1]},"o":{"x":[0.167],"y":[0]},"t":23,"s":[15.92]},{"i":{"x":[0.833],"y":[1]},"o":{"x":[0.167],"y":[0]},"t":26,"s":[-3.698]},{"i":{"x":[0.833],"y":[1]},"o":{"x":[0.167],"y":[0]},"t":28,"s":[1.393]},{"t":30,"s":[-3.698]}],"ix":10},"p":{"a":1,"k":[{"i":{"x":0.667,"y":1},"o":{"x":0.333,"y":0},"t":10,"s":[1154.398,531.72,0],"to":[-30,11.333,0],"ti":[39,16,0]},{"i":{"x":0.667,"y":1},"o":{"x":0.333,"y":0},"t":23,"s":[974.398,599.72,0],"to":[-39,-16,0],"ti":[9,27.333,0]},{"t":26,"s":[920.398,435.72,0]}],"ix":2},"a":{"a":0,"k":[609.898,13.72,0],"ix":1},"s":{"a":0,"k":[100,100,100],"ix":6}},"ao":0,"shapes":[{"ty":"gr","it":[{"ty":"gr","it":[{"ind":0,"ty":"sh","ix":1,"ks":{"a":0,"k":{"i":[[-0.635,-3.01],[-3.009,0.636],[0.635,3.01],[3.009,-0.636]],"o":[[0.636,3.009],[3.009,-0.636],[-0.636,-3.009],[-3.01,0.636]],"v":[[403.534,174.608],[410.135,178.905],[414.433,172.305],[407.832,168.007]],"c":true},"ix":2},"nm":"Path 1","mn":"ADBE Vector Shape - Group","hd":false},{"ty":"fl","c":{"a":0,"k":[0.929411768913,0.929411768913,0.929411768913,1],"ix":4},"o":{"a":0,"k":100,"ix":5},"r":1,"bm":0,"nm":"Fill 1","mn":"ADBE Vector Graphic - Fill","hd":false},{"ty":"tr","p":{"a":0,"k":[0,0],"ix":2},"a":{"a":0,"k":[0,0],"ix":1},"s":{"a":0,"k":[100,100],"ix":3},"r":{"a":0,"k":0,"ix":6},"o":{"a":0,"k":100,"ix":7},"sk":{"a":0,"k":0,"ix":4},"sa":{"a":0,"k":0,"ix":5},"nm":"Transform"}],"nm":"Group 1","np":2,"cix":2,"bm":0,"ix":1,"mn":"ADBE Vector Group","hd":false},{"ty":"gr","it":[{"ind":0,"ty":"sh","ix":1,"ks":{"a":0,"k":{"i":[[-0.637,-3.01],[-3.01,0.636],[0.636,3.008],[3.01,-0.636]],"o":[[0.635,3.009],[3.009,-0.636],[-0.636,-3.01],[-3.01,0.636]],"v":[[418.976,165.543],[425.576,169.841],[429.874,163.24],[423.273,158.942]],"c":true},"ix":2},"nm":"Path 1","mn":"ADBE Vector Shape - Group","hd":false},{"ty":"fl","c":{"a":0,"k":[0.929411768913,0.929411768913,0.929411768913,1],"ix":4},"o":{"a":0,"k":100,"ix":5},"r":1,"bm":0,"nm":"Fill 1","mn":"ADBE Vector Graphic - Fill","hd":false},{"ty":"tr","p":{"a":0,"k":[0,0],"ix":2},"a":{"a":0,"k":[0,0],"ix":1},"s":{"a":0,"k":[100,100],"ix":3},"r":{"a":0,"k":0,"ix":6},"o":{"a":0,"k":100,"ix":7},"sk":{"a":0,"k":0,"ix":4},"sa":{"a":0,"k":0,"ix":5},"nm":"Transform"}],"nm":"Group 2","np":2,"cix":2,"bm":0,"ix":2,"mn":"ADBE Vector Group","hd":false},{"ty":"gr","it":[{"ind":0,"ty":"sh","ix":1,"ks":{"a":0,"k":{"i":[[-0.636,-3.009],[-3.01,0.636],[0.636,3.008],[3.01,-0.636]],"o":[[0.635,3.009],[3.009,-0.636],[-0.636,-3.009],[-3.009,0.636]],"v":[[434.544,156.404],[441.145,160.701],[445.442,154.101],[438.842,149.802]],"c":true},"ix":2},"nm":"Path 1","mn":"ADBE Vector Shape - Group","hd":false},{"ty":"fl","c":{"a":0,"k":[0.929411768913,0.929411768913,0.929411768913,1],"ix":4},"o":{"a":0,"k":100,"ix":5},"r":1,"bm":0,"nm":"Fill 1","mn":"ADBE Vector Graphic - Fill","hd":false},{"ty":"tr","p":{"a":0,"k":[0,0],"ix":2},"a":{"a":0,"k":[0,0],"ix":1},"s":{"a":0,"k":[100,100],"ix":3},"r":{"a":0,"k":0,"ix":6},"o":{"a":0,"k":100,"ix":7},"sk":{"a":0,"k":0,"ix":4},"sa":{"a":0,"k":0,"ix":5},"nm":"Transform"}],"nm":"Group 3","np":2,"cix":2,"bm":0,"ix":3,"mn":"ADBE Vector Group","hd":false},{"ty":"tr","p":{"a":0,"k":[0,0],"ix":2},"a":{"a":0,"k":[0,0],"ix":1},"s":{"a":0,"k":[100,100],"ix":3},"r":{"a":0,"k":0,"ix":6},"o":{"a":0,"k":100,"ix":7},"sk":{"a":0,"k":0,"ix":4},"sa":{"a":0,"k":0,"ix":5},"nm":"Transform"}],"nm":"Group 1","np":3,"cix":2,"bm":0,"ix":1,"mn":"ADBE Vector Group","hd":false},{"ty":"gr","it":[{"ind":0,"ty":"sh","ix":1,"ks":{"a":0,"k":{"i":[[0,0],[0,0],[0,0],[0,0]],"o":[[0,0],[0,0],[0,0],[0,0]],"v":[[638.615,57.235],[587.248,-30.263],[349.319,108.012],[400.685,195.51]],"c":true},"ix":2},"nm":"Path 1","mn":"ADBE Vector Shape - Group","hd":false},{"ty":"fl","c":{"a":0,"k":[0.156862750649,0.196078434587,0.305882364511,1],"ix":4},"o":{"a":0,"k":100,"ix":5},"r":1,"bm":0,"nm":"Fill 1","mn":"ADBE Vector Graphic - Fill","hd":false},{"ty":"tr","p":{"a":0,"k":[0,0],"ix":2},"a":{"a":0,"k":[0,0],"ix":1},"s":{"a":0,"k":[100,100],"ix":3},"r":{"a":0,"k":0,"ix":6},"o":{"a":0,"k":100,"ix":7},"sk":{"a":0,"k":0,"ix":4},"sa":{"a":0,"k":0,"ix":5},"nm":"Transform"}],"nm":"Group 2","np":2,"cix":2,"bm":0,"ix":2,"mn":"ADBE Vector Group","hd":false},{"ty":"gr","it":[{"ind":0,"ty":"sh","ix":1,"ks":{"a":0,"k":{"i":[[0,0],[0,0],[0,0],[0,0]],"o":[[0,0],[0,0],[0,0],[0,0]],"v":[[407.183,185.509],[361.987,107.415],[316.928,133.492],[362.124,211.586]],"c":true},"ix":2},"nm":"Path 1","mn":"ADBE Vector Shape - Group","hd":false},{"ty":"fl","c":{"a":0,"k":[0.929411768913,0.929411768913,0.929411768913,1],"ix":4},"o":{"a":0,"k":100,"ix":5},"r":1,"bm":0,"nm":"Fill 1","mn":"ADBE Vector Graphic - Fill","hd":false},{"ty":"tr","p":{"a":0,"k":[0,0],"ix":2},"a":{"a":0,"k":[0,0],"ix":1},"s":{"a":0,"k":[100,100],"ix":3},"r":{"a":0,"k":0,"ix":6},"o":{"a":0,"k":100,"ix":7},"sk":{"a":0,"k":0,"ix":4},"sa":{"a":0,"k":0,"ix":5},"nm":"Transform"}],"nm":"Group 3","np":2,"cix":2,"bm":0,"ix":3,"mn":"ADBE Vector Group","hd":false},{"ty":"gr","it":[{"ind":0,"ty":"sh","ix":1,"ks":{"a":0,"k":{"i":[[0,0],[0,0],[0,0],[0,0]],"o":[[0,0],[0,0],[0,0],[0,0]],"v":[[326.134,225.704],[377.194,195.728],[337.243,127.674],[286.182,157.65]],"c":true},"ix":2},"nm":"Path 1","mn":"ADBE Vector Shape - Group","hd":false},{"ty":"fl","c":{"a":0,"k":[1,0.662745118141,0.490196079016,1],"ix":4},"o":{"a":0,"k":100,"ix":5},"r":1,"bm":0,"nm":"Fill 1","mn":"ADBE Vector Graphic - Fill","hd":false},{"ty":"tr","p":{"a":0,"k":[0,0],"ix":2},"a":{"a":0,"k":[0,0],"ix":1},"s":{"a":0,"k":[100,100],"ix":3},"r":{"a":0,"k":0,"ix":6},"o":{"a":0,"k":100,"ix":7},"sk":{"a":0,"k":0,"ix":4},"sa":{"a":0,"k":0,"ix":5},"nm":"Transform"}],"nm":"Group 4","np":2,"cix":2,"bm":0,"ix":4,"mn":"ADBE Vector Group","hd":false}],"ip":0,"op":300,"st":0,"bm":0},{"ddd":0,"ind":14,"ty":4,"nm":"1_1","parent":11,"sr":1,"ks":{"o":{"a":0,"k":100,"ix":11},"r":{"a":1,"k":[{"i":{"x":[0.833],"y":[1]},"o":{"x":[0.333],"y":[0]},"t":23,"s":[0]},{"t":26,"s":[-14.099]}],"ix":10},"p":{"a":1,"k":[{"i":{"x":0.667,"y":1},"o":{"x":0.333,"y":0},"t":23,"s":[231.395,187.806,0],"to":[2.122,-3.12,0],"ti":[-2.122,3.12,0]},{"t":26,"s":[244.129,169.088,0]}],"ix":2},"a":{"a":0,"k":[231.395,187.806,0],"ix":1},"s":{"a":0,"k":[100,100,100],"ix":6}},"ao":0,"shapes":[{"ty":"gr","it":[{"ind":0,"ty":"sh","ix":1,"ks":{"a":0,"k":{"i":[[4.036,7.005],[0,0],[7.005,-4.036],[0,0],[-4.036,-7.005],[0,0],[-7.005,4.036],[0,0]],"o":[[0,0],[-4.037,-7.004],[0,0],[-7.004,4.037],[0,0],[4.036,7.005],[0,0],[7.004,-4.036]],"v":[[242.82,176.719],[242.672,176.462],[222.681,171.088],[129.345,221.902],[123.97,241.893],[124.118,242.149],[144.109,247.524],[237.445,196.71]],"c":true},"ix":2},"nm":"Path 1","mn":"ADBE Vector Shape - Group","hd":false},{"ty":"fl","c":{"a":0,"k":[1,0.662745118141,0.490196079016,1],"ix":4},"o":{"a":0,"k":100,"ix":5},"r":1,"bm":0,"nm":"Fill 1","mn":"ADBE Vector Graphic - Fill","hd":false},{"ty":"tr","p":{"a":0,"k":[0,0],"ix":2},"a":{"a":0,"k":[0,0],"ix":1},"s":{"a":0,"k":[100,100],"ix":3},"r":{"a":0,"k":0,"ix":6},"o":{"a":0,"k":100,"ix":7},"sk":{"a":0,"k":0,"ix":4},"sa":{"a":0,"k":0,"ix":5},"nm":"Transform"}],"nm":"Group 1","np":2,"cix":2,"bm":0,"ix":1,"mn":"ADBE Vector Group","hd":false}],"ip":0,"op":300,"st":0,"bm":0},{"ddd":0,"ind":15,"ty":4,"nm":"2_1","parent":11,"sr":1,"ks":{"o":{"a":0,"k":100,"ix":11},"r":{"a":1,"k":[{"i":{"x":[0.833],"y":[1]},"o":{"x":[0.333],"y":[0]},"t":23,"s":[0]},{"t":26,"s":[-5.381]}],"ix":10},"p":{"a":1,"k":[{"i":{"x":0.667,"y":1},"o":{"x":0.333,"y":0},"t":23,"s":[245.835,206.257,0],"to":[3.195,-4.219,0],"ti":[-3.195,4.219,0]},{"t":26,"s":[265.008,180.941,0]}],"ix":2},"a":{"a":0,"k":[245.835,206.257,0],"ix":1},"s":{"a":0,"k":[100,100,100],"ix":6}},"ao":0,"shapes":[{"ty":"gr","it":[{"ind":0,"ty":"sh","ix":1,"ks":{"a":0,"k":{"i":[[5.025,6.333],[0,0],[6.333,-5.024],[0,0],[-5.024,-6.334],[0,0],[-6.333,5.023],[0,0]],"o":[[0,0],[-5.024,-6.332],[0,0],[-6.333,5.025],[0,0],[5.025,6.334],[0,0],[6.332,-5.024]],"v":[[261.29,194.971],[261.106,194.738],[240.541,192.369],[145.75,265.979],[143.38,286.545],[143.564,286.776],[164.128,289.146],[258.921,215.535]],"c":true},"ix":2},"nm":"Path 1","mn":"ADBE Vector Shape - Group","hd":false},{"ty":"fl","c":{"a":0,"k":[1,0.662745118141,0.490196079016,1],"ix":4},"o":{"a":0,"k":100,"ix":5},"r":1,"bm":0,"nm":"Fill 1","mn":"ADBE Vector Graphic - Fill","hd":false},{"ty":"tr","p":{"a":0,"k":[0,0],"ix":2},"a":{"a":0,"k":[0,0],"ix":1},"s":{"a":0,"k":[100,100],"ix":3},"r":{"a":0,"k":0,"ix":6},"o":{"a":0,"k":100,"ix":7},"sk":{"a":0,"k":0,"ix":4},"sa":{"a":0,"k":0,"ix":5},"nm":"Transform"}],"nm":"Group 1","np":2,"cix":2,"bm":0,"ix":1,"mn":"ADBE Vector Group","hd":false}],"ip":0,"op":300,"st":0,"bm":0},{"ddd":0,"ind":16,"ty":4,"nm":"3_1","parent":11,"sr":1,"ks":{"o":{"a":0,"k":100,"ix":11},"r":{"a":0,"k":0,"ix":10},"p":{"a":1,"k":[{"i":{"x":0.667,"y":1},"o":{"x":0.333,"y":0},"t":23,"s":[264.406,227.278,0],"to":[2.576,-3.675,0],"ti":[-2.576,3.675,0]},{"t":26,"s":[279.86,205.229,0]}],"ix":2},"a":{"a":0,"k":[264.406,227.278,0],"ix":1},"s":{"a":0,"k":[100,100,100],"ix":6}},"ao":0,"shapes":[{"ty":"gr","it":[{"ind":0,"ty":"sh","ix":1,"ks":{"a":0,"k":{"i":[[5.705,5.729],[0,0],[5.729,-5.703],[0,0],[-5.706,-5.73],[0,0],[-5.729,5.704],[0,0]],"o":[[0,0],[-5.703,-5.729],[0,0],[-5.728,5.703],[0,0],[5.705,5.729],[0,0],[5.728,-5.704]],"v":[[276.784,215.925],[276.575,215.715],[255.874,215.669],[176.073,292.931],[176.029,313.632],[176.237,313.841],[196.939,313.887],[276.739,236.626]],"c":true},"ix":2},"nm":"Path 1","mn":"ADBE Vector Shape - Group","hd":false},{"ty":"fl","c":{"a":0,"k":[1,0.662745118141,0.490196079016,1],"ix":4},"o":{"a":0,"k":100,"ix":5},"r":1,"bm":0,"nm":"Fill 1","mn":"ADBE Vector Graphic - Fill","hd":false},{"ty":"tr","p":{"a":0,"k":[0,0],"ix":2},"a":{"a":0,"k":[0,0],"ix":1},"s":{"a":0,"k":[100,100],"ix":3},"r":{"a":0,"k":0,"ix":6},"o":{"a":0,"k":100,"ix":7},"sk":{"a":0,"k":0,"ix":4},"sa":{"a":0,"k":0,"ix":5},"nm":"Transform"}],"nm":"Group 1","np":2,"cix":2,"bm":0,"ix":1,"mn":"ADBE Vector Group","hd":false}],"ip":0,"op":300,"st":0,"bm":0},{"ddd":0,"ind":17,"ty":4,"nm":"4_1","parent":11,"sr":1,"ks":{"o":{"a":0,"k":100,"ix":11},"r":{"a":1,"k":[{"i":{"x":[0.833],"y":[1]},"o":{"x":[0.333],"y":[0]},"t":23,"s":[0]},{"t":26,"s":[5.807]}],"ix":10},"p":{"a":1,"k":[{"i":{"x":0.667,"y":1},"o":{"x":0.333,"y":0},"t":23,"s":[281.204,247.799,0],"to":[1.242,-2.425,0],"ti":[-1.242,2.425,0]},{"t":26,"s":[288.658,233.25,0]}],"ix":2},"a":{"a":0,"k":[281.204,247.799,0],"ix":1},"s":{"a":0,"k":[100,100,100],"ix":6}},"ao":0,"shapes":[{"ty":"gr","it":[{"ind":0,"ty":"sh","ix":1,"ks":{"a":0,"k":{"i":[[5.555,4.551],[0,0],[4.551,-5.554],[0,0],[-5.554,-4.55],[0,0],[-4.55,5.554],[0,0]],"o":[[0,0],[-5.555,-4.55],[0,0],[-4.55,5.555],[0,0],[5.554,4.551],[0,0],[4.55,-5.554]],"v":[[291.835,236.819],[291.632,236.652],[273.336,238.469],[213.755,309.484],[215.573,327.78],[215.776,327.947],[234.071,326.129],[293.652,255.114]],"c":true},"ix":2},"nm":"Path 1","mn":"ADBE Vector Shape - Group","hd":false},{"ty":"fl","c":{"a":0,"k":[1,0.662745118141,0.490196079016,1],"ix":4},"o":{"a":0,"k":100,"ix":5},"r":1,"bm":0,"nm":"Fill 1","mn":"ADBE Vector Graphic - Fill","hd":false},{"ty":"tr","p":{"a":0,"k":[0,0],"ix":2},"a":{"a":0,"k":[0,0],"ix":1},"s":{"a":0,"k":[100,100],"ix":3},"r":{"a":0,"k":0,"ix":6},"o":{"a":0,"k":100,"ix":7},"sk":{"a":0,"k":0,"ix":4},"sa":{"a":0,"k":0,"ix":5},"nm":"Transform"}],"nm":"Group 1","np":2,"cix":2,"bm":0,"ix":1,"mn":"ADBE Vector Group","hd":false}],"ip":0,"op":300,"st":0,"bm":0},{"ddd":0,"ind":18,"ty":4,"nm":"doc Outlines","sr":1,"ks":{"o":{"a":1,"k":[{"i":{"x":[0.833],"y":[1]},"o":{"x":[0.333],"y":[0]},"t":2,"s":[0]},{"t":5,"s":[100]}],"ix":11},"r":{"a":0,"k":0,"ix":10},"p":{"a":0,"k":[562,664.678,0],"ix":2},"a":{"a":0,"k":[637.598,945.678,0],"ix":1},"s":{"a":1,"k":[{"i":{"x":[0.833,0.833,0.833],"y":[1,1,1]},"o":{"x":[0.167,0.167,0.167],"y":[0,0,0]},"t":0,"s":[221,221,100]},{"i":{"x":[0.833,0.833,0.833],"y":[1,1,1]},"o":{"x":[0.167,0.167,0.167],"y":[0,0,0]},"t":10,"s":[95,95,100]},{"i":{"x":[0.833,0.833,0.833],"y":[1,1,1]},"o":{"x":[0.167,0.167,0.167],"y":[0,0,0]},"t":12,"s":[100,100,100]},{"i":{"x":[0.833,0.833,0.833],"y":[1,1,1]},"o":{"x":[0.167,0.167,0.167],"y":[0,0,0]},"t":14,"s":[95,95,100]},{"i":{"x":[0.833,0.833,0.833],"y":[1,1,1]},"o":{"x":[0.167,0.167,0.167],"y":[0,0,0]},"t":16,"s":[100,100,100]},{"t":17,"s":[95,95,100]}],"ix":6}},"ao":0,"shapes":[{"ty":"gr","it":[{"ty":"mm","mm":1,"nm":"Merge Paths 1","mn":"ADBE Vector Filter - Merge","hd":false},{"ty":"mm","mm":4,"nm":"Merge Paths 2","mn":"ADBE Vector Filter - Merge","hd":false},{"ty":"fl","c":{"a":0,"k":[0,0,0,1],"ix":4},"o":{"a":0,"k":100,"ix":5},"r":1,"bm":0,"nm":"Fill 1","mn":"ADBE Vector Graphic - Fill","hd":false},{"ty":"tr","p":{"a":0,"k":[636.236,762.533],"ix":2},"a":{"a":0,"k":[0,0],"ix":1},"s":{"a":0,"k":[100,100],"ix":3},"r":{"a":0,"k":0,"ix":6},"o":{"a":0,"k":100,"ix":7},"sk":{"a":0,"k":0,"ix":4},"sa":{"a":0,"k":0,"ix":5},"nm":"Transform"}],"nm":"Group 1","np":14,"cix":2,"bm":0,"ix":1,"mn":"ADBE Vector Group","hd":false},{"ty":"gr","it":[{"ind":0,"ty":"sh","ix":1,"ks":{"a":0,"k":{"i":[[-0.304,2.809],[-2.117,2.71],[1.698,-2.251],[0.391,-4.202]],"o":[[0.399,-3.415],[1.716,-2.277],[-2.52,3.386],[-0.306,2.83]],"v":[[-0.413,5.511],[3.432,-3.854],[-0.392,-6.09],[-4.842,5.511]],"c":true},"ix":2},"nm":"Path 1","mn":"ADBE Vector Shape - Group","hd":false},{"ty":"mm","mm":4,"nm":"Merge Paths 1","mn":"ADBE Vector Filter - Merge","hd":false},{"ty":"fl","c":{"a":0,"k":[1,1,1,1],"ix":4},"o":{"a":0,"k":100,"ix":5},"r":1,"bm":0,"nm":"Fill 1","mn":"ADBE Vector Graphic - Fill","hd":false},{"ty":"tr","p":{"a":0,"k":[532.717,1070.237],"ix":2},"a":{"a":0,"k":[0,0],"ix":1},"s":{"a":0,"k":[100,100],"ix":3},"r":{"a":0,"k":0,"ix":6},"o":{"a":0,"k":100,"ix":7},"sk":{"a":0,"k":0,"ix":4},"sa":{"a":0,"k":0,"ix":5},"nm":"Transform"}],"nm":"Group 2","np":3,"cix":2,"bm":0,"ix":2,"mn":"ADBE Vector Group","hd":false},{"ty":"gr","it":[{"ind":0,"ty":"sh","ix":1,"ks":{"a":0,"k":{"i":[[-1.179,0.319],[-2.467,0.035],[0.118,1.223],[1.06,0.102],[2.66,-1.065],[-0.284,-1.174]],"o":[[2.279,-0.944],[1.223,-0.118],[-0.102,-1.06],[-2.865,0.02],[-1.153,0.357],[0.329,1.176]],"v":[[-3.147,2.797],[4.036,1.314],[6.037,-1.114],[4.036,-3.116],[-4.325,-1.474],[-5.871,1.249]],"c":true},"ix":2},"nm":"Path 1","mn":"ADBE Vector Shape - Group","hd":false},{"ty":"mm","mm":4,"nm":"Merge Paths 1","mn":"ADBE Vector Filter - Merge","hd":false},{"ty":"fl","c":{"a":0,"k":[1,1,1,1],"ix":4},"o":{"a":0,"k":100,"ix":5},"r":1,"bm":0,"nm":"Fill 1","mn":"ADBE Vector Graphic - Fill","hd":false},{"ty":"tr","p":{"a":0,"k":[546.015,1058.443],"ix":2},"a":{"a":0,"k":[0,0],"ix":1},"s":{"a":0,"k":[100,100],"ix":3},"r":{"a":0,"k":0,"ix":6},"o":{"a":0,"k":100,"ix":7},"sk":{"a":0,"k":0,"ix":4},"sa":{"a":0,"k":0,"ix":5},"nm":"Transform"}],"nm":"Group 3","np":3,"cix":2,"bm":0,"ix":3,"mn":"ADBE Vector Group","hd":false},{"ty":"gr","it":[{"ind":0,"ty":"sh","ix":1,"ks":{"a":0,"k":{"i":[[0,0],[1.36,-7.338],[-0.495,2.806],[8.022,4.998],[-2.399,-1.526]],"o":[[6.336,3.944],[-0.498,2.781],[1.828,-9.273],[-2.411,-1.533],[0,0]],"v":[[-5.966,-8.665],[2.284,10.039],[6.549,11.217],[-3.741,-12.49],[-5.977,-8.665]],"c":true},"ix":2},"nm":"Path 1","mn":"ADBE Vector Shape - Group","hd":false},{"ty":"mm","mm":4,"nm":"Merge Paths 1","mn":"ADBE Vector Filter - Merge","hd":false},{"ty":"fl","c":{"a":0,"k":[1,1,1,1],"ix":4},"o":{"a":0,"k":100,"ix":5},"r":1,"bm":0,"nm":"Fill 1","mn":"ADBE Vector Graphic - Fill","hd":false},{"ty":"tr","p":{"a":0,"k":[565.267,1070.999],"ix":2},"a":{"a":0,"k":[0,0],"ix":1},"s":{"a":0,"k":[100,100],"ix":3},"r":{"a":0,"k":0,"ix":6},"o":{"a":0,"k":100,"ix":7},"sk":{"a":0,"k":0,"ix":4},"sa":{"a":0,"k":0,"ix":5},"nm":"Transform"}],"nm":"Group 4","np":3,"cix":2,"bm":0,"ix":4,"mn":"ADBE Vector Group","hd":false},{"ty":"gr","it":[{"ind":0,"ty":"sh","ix":1,"ks":{"a":0,"k":{"i":[[0,0],[1.913,-0.021],[-0.118,-1.223],[-1.06,-0.102],[-2.207,0.686],[2.729,-0.863]],"o":[[-1.823,0.581],[-1.223,0.117],[0.102,1.061],[2.312,-0.019],[2.711,-0.851],[0,0]],"v":[[1.932,-2.24],[-3.703,-1.333],[-5.704,1.094],[-3.703,3.096],[3.111,2.032],[1.934,-2.233]],"c":true},"ix":2},"nm":"Path 1","mn":"ADBE Vector Shape - Group","hd":false},{"ty":"mm","mm":4,"nm":"Merge Paths 1","mn":"ADBE Vector Filter - Merge","hd":false},{"ty":"fl","c":{"a":0,"k":[1,1,1,1],"ix":4},"o":{"a":0,"k":100,"ix":5},"r":1,"bm":0,"nm":"Fill 1","mn":"ADBE Vector Graphic - Fill","hd":false},{"ty":"tr","p":{"a":0,"k":[553.757,1096.74],"ix":2},"a":{"a":0,"k":[0,0],"ix":1},"s":{"a":0,"k":[100,100],"ix":3},"r":{"a":0,"k":0,"ix":6},"o":{"a":0,"k":100,"ix":7},"sk":{"a":0,"k":0,"ix":4},"sa":{"a":0,"k":0,"ix":5},"nm":"Transform"}],"nm":"Group 5","np":3,"cix":2,"bm":0,"ix":5,"mn":"ADBE Vector Group","hd":false},{"ty":"gr","it":[{"ind":0,"ty":"sh","ix":1,"ks":{"a":0,"k":{"i":[[0,0],[1.748,3.625],[-1.255,-2.551],[-4.233,-2.24],[2.519,1.34]],"o":[[-3.563,-1.871],[-1.259,-2.557],[2.118,4.295],[2.516,1.337],[0,0]],"v":[[5.369,2.927],[-2.81,-5.534],[-6.635,-3.298],[3.135,6.755],[5.37,2.93]],"c":true},"ix":2},"nm":"Path 1","mn":"ADBE Vector Shape - Group","hd":false},{"ty":"mm","mm":4,"nm":"Merge Paths 1","mn":"ADBE Vector Filter - Merge","hd":false},{"ty":"fl","c":{"a":0,"k":[1,1,1,1],"ix":4},"o":{"a":0,"k":100,"ix":5},"r":1,"bm":0,"nm":"Fill 1","mn":"ADBE Vector Graphic - Fill","hd":false},{"ty":"tr","p":{"a":0,"k":[536.661,1090.581],"ix":2},"a":{"a":0,"k":[0,0],"ix":1},"s":{"a":0,"k":[100,100],"ix":3},"r":{"a":0,"k":0,"ix":6},"o":{"a":0,"k":100,"ix":7},"sk":{"a":0,"k":0,"ix":4},"sa":{"a":0,"k":0,"ix":5},"nm":"Transform"}],"nm":"Group 6","np":3,"cix":2,"bm":0,"ix":6,"mn":"ADBE Vector Group","hd":false},{"ty":"gr","it":[{"ind":0,"ty":"sh","ix":1,"ks":{"a":0,"k":{"i":[[1.031,-1.561],[-1.445,-1.108],[0.574,0.543],[0.245,0.33],[-0.043,0.026],[-0.231,0.236],[-0.946,0.302],[0.742,-0.168]],"o":[[-0.82,1.625],[0.823,0.775],[-0.327,-0.251],[0.074,0.026],[0.263,-0.202],[0.742,-0.663],[0.897,-0.204],[-1.812,0.463]],"v":[[-2.247,-1.088],[-1.17,3.625],[-0.541,1.481],[-1.403,0.604],[-1.131,0.374],[-0.39,-0.284],[2.171,-1.747],[2.171,-4.232]],"c":true},"ix":2},"nm":"Path 1","mn":"ADBE Vector Shape - Group","hd":false},{"ty":"mm","mm":4,"nm":"Merge Paths 1","mn":"ADBE Vector Filter - Merge","hd":false},{"ty":"fl","c":{"a":0,"k":[0,0,0,1],"ix":4},"o":{"a":0,"k":100,"ix":5},"r":1,"bm":0,"nm":"Fill 1","mn":"ADBE Vector Graphic - Fill","hd":false},{"ty":"tr","p":{"a":0,"k":[716.105,1077.29],"ix":2},"a":{"a":0,"k":[0,0],"ix":1},"s":{"a":0,"k":[100,100],"ix":3},"r":{"a":0,"k":0,"ix":6},"o":{"a":0,"k":100,"ix":7},"sk":{"a":0,"k":0,"ix":4},"sa":{"a":0,"k":0,"ix":5},"nm":"Transform"}],"nm":"Group 7","np":3,"cix":2,"bm":0,"ix":7,"mn":"ADBE Vector Group","hd":false},{"ty":"gr","it":[{"ind":0,"ty":"sh","ix":1,"ks":{"a":0,"k":{"i":[[0,0],[2.13,-3.058],[1.339,-1.417],[-0.493,1.655],[-2.108,2.92],[-2.434,3.063],[0.271,-0.613]],"o":[[-1.507,3.408],[-1.079,1.623],[-1.159,1.181],[1.181,-3.403],[2.172,-3.251],[-0.686,2.121],[0,0]],"v":[[-4.398,14.069],[-9.866,23.791],[-13.5,28.359],[-14.427,28.291],[-9.467,18.756],[-2.559,9.284],[-4.404,14.069]],"c":true},"ix":2},"nm":"Path 1","mn":"ADBE Vector Shape - Group","hd":false},{"ind":1,"ty":"sh","ix":2,"ks":{"a":0,"k":{"i":[[0,0],[4.446,-3.161],[2.101,0.277],[-1.29,1.183],[-4.898,2.333],[-0.328,0.156],[0.039,-0.134]],"o":[[-1.384,5.276],[-1.709,1.112],[-4.591,-0.604],[4.083,-3.572],[0.327,-0.163],[-0.039,0.141],[0,0]],"v":[[-30.541,-0.815],[-39.565,12.245],[-46.152,14.631],[-44.951,8.142],[-31.416,-0.758],[-30.431,-1.221],[-30.541,-0.813]],"c":true},"ix":2},"nm":"Path 2","mn":"ADBE Vector Shape - Group","hd":false},{"ind":2,"ty":"sh","ix":3,"ks":{"a":0,"k":{"i":[[1.028,-0.867],[6.401,-2.991],[1.592,-0.302],[0.966,2.229],[0.328,2.587],[0.471,0.032],[1.355,-1.174],[0.92,-0.97],[0.953,2.523],[0.3,-0.186],[3.136,-3.523],[0.732,-0.864],[0.089,0.275],[-0.643,0.891],[1.396,2.702],[2.368,-2.285],[-0.954,0.919],[-1.498,-0.65],[0,0],[0.205,-0.501],[0.887,-0.704],[0.83,-0.411],[0.286,-0.108],[0.051,-0.05],[0.26,0.007],[-0.678,1.982],[0.756,-1.064],[1.032,-1.189],[2.002,-0.452],[0.252,1.39],[-0.328,0.62],[-0.53,1.821],[0.867,0.106],[2.129,-0.678],[1.707,-0.679],[-0.013,0.71],[-1.944,5.623],[-2.927,0.668],[-2.011,-1.252],[-0.34,0.058],[0,0],[0.413,0.596],[2.158,-0.562],[1.664,-2.813],[0.864,-8.056],[0.654,-0.332],[4.182,-3.688],[-1.013,-3.506],[-2.747,1.094],[-1.469,7.776],[-1.825,0.587],[-2.108,0.564],[-2.216,-2.369],[-2.963,3.562],[-1.379,-1.173],[-1.41,0.842],[-0.072,-0.733],[1.998,-2.848],[1.851,-4.282],[-0.957,-1.741],[-0.867,2.038],[-0.612,3.042],[-1.383,1.516],[-2.519,2.283],[0.466,-1.771],[0.973,-1.669],[-0.664,1.02],[-1.816,1.75],[-1.982,0.432],[-1.141,-2.501],[-2.894,0.669],[-6.32,5.338]],"o":[[-5.249,4.73],[-1.472,0.678],[-2.278,0.371],[-1.04,-2.399],[-0.047,-0.37],[-1.889,-0.128],[-1.018,0.886],[0.758,-2.59],[-0.116,-0.249],[-4.08,2.434],[-0.754,0.848],[-0.035,-0.288],[0.863,-0.68],[1.607,-2.345],[-2.067,-4.007],[-0.656,0.634],[0.899,-0.868],[0,0],[-0.205,0.494],[-0.549,0.989],[-0.711,0.595],[-0.3,0.062],[-0.065,0.027],[-0.252,0.064],[-2.694,-0.144],[0.153,-0.445],[-0.854,1.324],[-1.326,1.407],[-0.853,0.186],[0.132,-0.689],[0.796,-1.721],[0.136,-0.571],[-2.279,-0.281],[-1.76,0.557],[0.064,-0.728],[0.103,-5.814],[1.065,-2.807],[1.529,-0.495],[0.105,0.482],[0,0],[1.044,-0.185],[-1.626,-2.324],[-3.219,0.569],[-3.753,7.444],[-0.661,0.293],[-5.028,2.408],[-2.368,2.165],[1.067,3.683],[7.453,-2.966],[1.746,-0.741],[2.016,-0.835],[-1.44,3.337],[2.392,2.557],[-0.486,1.745],[1.42,0.826],[0.668,-0.025],[-2.205,2.684],[-2.83,3.71],[-0.636,1.648],[2.387,4.346],[1.183,-2.868],[1.311,-1.579],[2.24,-2.559],[2.687,-2.335],[-0.437,1.882],[-0.485,0.742],[1.388,-2.105],[1.186,-1.151],[-0.07,2.546],[1.364,2.991],[8.257,-1.906],[0.717,-0.584]],"v":[[49.418,-9.821],[31.847,1.825],[27.235,3.299],[22.49,1.152],[22.184,-6.211],[21.485,-7.275],[16.479,-4.188],[13.584,-1.397],[13.283,-9.275],[12.578,-9.646],[2.009,0.447],[-0.215,3.019],[-0.401,2.172],[1.869,-0.196],[3.144,-9.016],[-5.652,-8.122],[-4.919,-5.619],[0.087,-8.282],[2.083,-4.781],[1.468,-3.288],[-0.707,-0.723],[-3.026,0.792],[-3.907,1.048],[-4.083,1.165],[-4.854,1.25],[-6.119,-4.811],[-7.11,-6.793],[-9.945,-3.018],[-15.628,1.617],[-17.783,0.429],[-17.091,-1.544],[-15.1,-6.865],[-15.724,-9.046],[-23.115,-6.973],[-28.306,-5.118],[-28.188,-7.279],[-27.817,-25.374],[-21.427,-30.937],[-13.233,-31.428],[-12.559,-30.644],[-12.272,-30.692],[-11.901,-33.393],[-20.602,-34.076],[-28.294,-28.747],[-29.853,-4.475],[-31.826,-3.548],[-45.707,5.639],[-49.831,14.809],[-42.044,16.522],[-28.727,-1.989],[-23.38,-3.974],[-17.187,-6.075],[-18.819,4.513],[-8.845,-1.088],[-7.379,3.699],[-2.793,3.673],[-1.741,4.831],[-8.059,13.12],[-15.105,25.153],[-16.06,31.37],[-3.152,15.534],[-0.454,6.648],[3.575,1.998],[10.72,-5.27],[11.942,-2.076],[9.816,3.28],[10.548,5.783],[15.369,-0.016],[20.814,-4.323],[20.729,3.278],[28.232,5.991],[50.127,-7.319]],"c":true},"ix":2},"nm":"Path 3","mn":"ADBE Vector Shape - Group","hd":false},{"ty":"mm","mm":1,"nm":"Merge Paths 1","mn":"ADBE Vector Filter - Merge","hd":false},{"ty":"mm","mm":4,"nm":"Merge Paths 2","mn":"ADBE Vector Filter - Merge","hd":false},{"ty":"fl","c":{"a":0,"k":[0,0,0,1],"ix":4},"o":{"a":0,"k":100,"ix":5},"r":1,"bm":0,"nm":"Fill 1","mn":"ADBE Vector Graphic - Fill","hd":false},{"ty":"tr","p":{"a":0,"k":[729.523,1092.148],"ix":2},"a":{"a":0,"k":[0,0],"ix":1},"s":{"a":0,"k":[100,100],"ix":3},"r":{"a":0,"k":0,"ix":6},"o":{"a":0,"k":100,"ix":7},"sk":{"a":0,"k":0,"ix":4},"sa":{"a":0,"k":0,"ix":5},"nm":"Transform"}],"nm":"Group 8","np":6,"cix":2,"bm":0,"ix":8,"mn":"ADBE Vector Group","hd":false},{"ty":"gr","it":[{"ind":0,"ty":"sh","ix":1,"ks":{"a":0,"k":{"i":[[-10.199,10.199],[-10.2,-10.199],[10.199,-10.199],[10.199,10.199]],"o":[[10.199,-10.199],[10.199,10.199],[-10.2,10.199],[-10.199,-10.199]],"v":[[-18.467,-18.468],[18.468,-18.468],[18.468,18.468],[-18.467,18.468]],"c":true},"ix":2},"nm":"Path 1","mn":"ADBE Vector Shape - Group","hd":false},{"ty":"mm","mm":4,"nm":"Merge Paths 1","mn":"ADBE Vector Filter - Merge","hd":false},{"ty":"fl","c":{"a":0,"k":[0,0,0,1],"ix":4},"o":{"a":0,"k":100,"ix":5},"r":1,"bm":0,"nm":"Fill 1","mn":"ADBE Vector Graphic - Fill","hd":false},{"ty":"tr","p":{"a":0,"k":[550.096,1077.784],"ix":2},"a":{"a":0,"k":[0,0],"ix":1},"s":{"a":0,"k":[100,100],"ix":3},"r":{"a":0,"k":0,"ix":6},"o":{"a":0,"k":100,"ix":7},"sk":{"a":0,"k":0,"ix":4},"sa":{"a":0,"k":0,"ix":5},"nm":"Transform"}],"nm":"Group 9","np":3,"cix":2,"bm":0,"ix":9,"mn":"ADBE Vector Group","hd":false},{"ty":"gr","it":[{"ind":0,"ty":"sh","ix":1,"ks":{"a":0,"k":{"i":[[5.547,-16.331],[-16.346,-5.531],[-5.531,16.345],[16.346,5.532],[0,0]],"o":[[-5.532,16.346],[16.345,5.532],[5.532,-16.346],[0,0],[-16.344,-5.51]],"v":[[-29.583,-10.015],[-10.002,29.597],[29.609,10.017],[10.029,-29.596],[10.028,-29.596]],"c":true},"ix":2},"nm":"Path 1","mn":"ADBE Vector Shape - Group","hd":false},{"ind":1,"ty":"sh","ix":2,"ks":{"a":0,"k":{"i":[[5.891,-17.473],[17.474,5.913],[-5.913,17.474],[-17.474,-5.913]],"o":[[-5.913,17.475],[-17.475,-5.913],[5.913,-17.476],[17.461,5.93]],"v":[[31.652,10.706],[-10.695,31.641],[-31.63,-10.706],[10.717,-31.641]],"c":true},"ix":2},"nm":"Path 2","mn":"ADBE Vector Shape - Group","hd":false},{"ty":"mm","mm":1,"nm":"Merge Paths 1","mn":"ADBE Vector Filter - Merge","hd":false},{"ty":"mm","mm":4,"nm":"Merge Paths 2","mn":"ADBE Vector Filter - Merge","hd":false},{"ty":"fl","c":{"a":0,"k":[0,0,0,1],"ix":4},"o":{"a":0,"k":100,"ix":5},"r":1,"bm":0,"nm":"Fill 1","mn":"ADBE Vector Graphic - Fill","hd":false},{"ty":"tr","p":{"a":0,"k":[550.701,1077.581],"ix":2},"a":{"a":0,"k":[0,0],"ix":1},"s":{"a":0,"k":[100,100],"ix":3},"r":{"a":0,"k":0,"ix":6},"o":{"a":0,"k":100,"ix":7},"sk":{"a":0,"k":0,"ix":4},"sa":{"a":0,"k":0,"ix":5},"nm":"Transform"}],"nm":"Group 10","np":5,"cix":2,"bm":0,"ix":10,"mn":"ADBE Vector Group","hd":false},{"ty":"gr","it":[{"ind":0,"ty":"sh","ix":1,"ks":{"a":0,"k":{"i":[[0,0],[0,0],[-13.27,10.125],[0,0],[-4.53,-15.128]],"o":[[0,0],[-4.791,-15.99],[0,0],[-12.556,9.578],[0,0]],"v":[[-3.232,21.077],[-5.299,21.699],[8.791,-21.7],[10.089,-19.982],[-3.249,21.076]],"c":true},"ix":2},"nm":"Path 1","mn":"ADBE Vector Shape - Group","hd":false},{"ty":"mm","mm":4,"nm":"Merge Paths 1","mn":"ADBE Vector Filter - Merge","hd":false},{"ty":"fl","c":{"a":0,"k":[0,0,0,1],"ix":4},"o":{"a":0,"k":100,"ix":5},"r":1,"bm":0,"nm":"Fill 1","mn":"ADBE Vector Graphic - Fill","hd":false},{"ty":"tr","p":{"a":0,"k":[516.994,1067.595],"ix":2},"a":{"a":0,"k":[0,0],"ix":1},"s":{"a":0,"k":[100,100],"ix":3},"r":{"a":0,"k":0,"ix":6},"o":{"a":0,"k":100,"ix":7},"sk":{"a":0,"k":0,"ix":4},"sa":{"a":0,"k":0,"ix":5},"nm":"Transform"}],"nm":"Group 11","np":3,"cix":2,"bm":0,"ix":11,"mn":"ADBE Vector Group","hd":false},{"ty":"gr","it":[{"ind":0,"ty":"sh","ix":1,"ks":{"a":0,"k":{"i":[[2.688,-7.875],[6.36,-4.833],[0,0],[4.53,15.128],[0,0]],"o":[[-2.547,7.571],[0,0],[12.556,-9.577],[0,0],[2.404,7.966]],"v":[[6.034,2.662],[-7.636,21.698],[-8.934,19.979],[4.404,-21.078],[6.471,-21.698]],"c":true},"ix":2},"nm":"Path 1","mn":"ADBE Vector Shape - Group","hd":false},{"ty":"mm","mm":4,"nm":"Merge Paths 1","mn":"ADBE Vector Filter - Merge","hd":false},{"ty":"fl","c":{"a":0,"k":[0,0,0,1],"ix":4},"o":{"a":0,"k":100,"ix":5},"r":1,"bm":0,"nm":"Fill 1","mn":"ADBE Vector Graphic - Fill","hd":false},{"ty":"tr","p":{"a":0,"k":[582.042,1087.968],"ix":2},"a":{"a":0,"k":[0,0],"ix":1},"s":{"a":0,"k":[100,100],"ix":3},"r":{"a":0,"k":0,"ix":6},"o":{"a":0,"k":100,"ix":7},"sk":{"a":0,"k":0,"ix":4},"sa":{"a":0,"k":0,"ix":5},"nm":"Transform"}],"nm":"Group 12","np":3,"cix":2,"bm":0,"ix":12,"mn":"ADBE Vector Group","hd":false},{"ty":"gr","it":[{"ind":0,"ty":"sh","ix":1,"ks":{"a":0,"k":{"i":[[7.874,-23.183],[-23.202,-7.851],[-7.85,23.202],[23.203,7.851]],"o":[[-7.851,23.202],[23.203,7.851],[7.852,-23.203],[-23.201,-7.821]],"v":[[-41.991,-14.22],[-14.195,42.007],[42.032,14.211],[14.236,-42.017]],"c":true},"ix":2},"nm":"Path 1","mn":"ADBE Vector Shape - Group","hd":false},{"ind":1,"ty":"sh","ix":2,"ks":{"a":0,"k":{"i":[[8.172,-24.245],[24.25,8.202],[-8.202,24.25],[-24.251,-8.202],[0,0]],"o":[[-8.202,24.251],[-24.251,-8.202],[8.201,-24.25],[0,0],[24.227,8.226]],"v":[[43.924,14.85],[-14.835,43.909],[-43.894,-14.85],[14.865,-43.909],[14.874,-43.906]],"c":true},"ix":2},"nm":"Path 2","mn":"ADBE Vector Shape - Group","hd":false},{"ty":"mm","mm":1,"nm":"Merge Paths 1","mn":"ADBE Vector Filter - Merge","hd":false},{"ty":"mm","mm":4,"nm":"Merge Paths 2","mn":"ADBE Vector Filter - Merge","hd":false},{"ty":"fl","c":{"a":0,"k":[0,0,0,1],"ix":4},"o":{"a":0,"k":100,"ix":5},"r":1,"bm":0,"nm":"Fill 1","mn":"ADBE Vector Graphic - Fill","hd":false},{"ty":"tr","p":{"a":0,"k":[550.074,1077.787],"ix":2},"a":{"a":0,"k":[0,0],"ix":1},"s":{"a":0,"k":[100,100],"ix":3},"r":{"a":0,"k":0,"ix":6},"o":{"a":0,"k":100,"ix":7},"sk":{"a":0,"k":0,"ix":4},"sa":{"a":0,"k":0,"ix":5},"nm":"Transform"}],"nm":"Group 13","np":5,"cix":2,"bm":0,"ix":13,"mn":"ADBE Vector Group","hd":false},{"ty":"gr","it":[{"ind":0,"ty":"sh","ix":1,"ks":{"a":0,"k":{"i":[[0,0],[0,0]],"o":[[0,0],[0,0]],"v":[[504.839,927.69],[767.649,927.69]],"c":false},"ix":2},"nm":"Path 1","mn":"ADBE Vector Shape - Group","hd":false},{"ty":"st","c":{"a":0,"k":[0.282000014361,0.596000043084,0.356999984442,1],"ix":3},"o":{"a":0,"k":100,"ix":4},"w":{"a":0,"k":5.562,"ix":5},"lc":1,"lj":1,"ml":10,"bm":0,"nm":"Stroke 1","mn":"ADBE Vector Graphic - Stroke","hd":false},{"ty":"tr","p":{"a":0,"k":[0,0],"ix":2},"a":{"a":0,"k":[0,0],"ix":1},"s":{"a":0,"k":[100,100],"ix":3},"r":{"a":0,"k":0,"ix":6},"o":{"a":0,"k":100,"ix":7},"sk":{"a":0,"k":0,"ix":4},"sa":{"a":0,"k":0,"ix":5},"nm":"Transform"}],"nm":"Group 14","np":2,"cix":2,"bm":0,"ix":14,"mn":"ADBE Vector Group","hd":false},{"ty":"gr","it":[{"ind":0,"ty":"sh","ix":1,"ks":{"a":0,"k":{"i":[[0,0],[0,0]],"o":[[0,0],[0,0]],"v":[[504.839,946.478],[767.649,946.478]],"c":false},"ix":2},"nm":"Path 1","mn":"ADBE Vector Shape - Group","hd":false},{"ty":"st","c":{"a":0,"k":[0.282000014361,0.596000043084,0.356999984442,1],"ix":3},"o":{"a":0,"k":100,"ix":4},"w":{"a":0,"k":5.562,"ix":5},"lc":1,"lj":1,"ml":10,"bm":0,"nm":"Stroke 1","mn":"ADBE Vector Graphic - Stroke","hd":false},{"ty":"tr","p":{"a":0,"k":[0,0],"ix":2},"a":{"a":0,"k":[0,0],"ix":1},"s":{"a":0,"k":[100,100],"ix":3},"r":{"a":0,"k":0,"ix":6},"o":{"a":0,"k":100,"ix":7},"sk":{"a":0,"k":0,"ix":4},"sa":{"a":0,"k":0,"ix":5},"nm":"Transform"}],"nm":"Group 15","np":2,"cix":2,"bm":0,"ix":15,"mn":"ADBE Vector Group","hd":false},{"ty":"gr","it":[{"ind":0,"ty":"sh","ix":1,"ks":{"a":0,"k":{"i":[[0,0],[0,0]],"o":[[0,0],[0,0]],"v":[[504.839,910.849],[767.649,910.849]],"c":false},"ix":2},"nm":"Path 1","mn":"ADBE Vector Shape - Group","hd":false},{"ty":"st","c":{"a":0,"k":[0.282000014361,0.596000043084,0.356999984442,1],"ix":3},"o":{"a":0,"k":100,"ix":4},"w":{"a":0,"k":5.562,"ix":5},"lc":1,"lj":1,"ml":10,"bm":0,"nm":"Stroke 1","mn":"ADBE Vector Graphic - Stroke","hd":false},{"ty":"tr","p":{"a":0,"k":[0,0],"ix":2},"a":{"a":0,"k":[0,0],"ix":1},"s":{"a":0,"k":[100,100],"ix":3},"r":{"a":0,"k":0,"ix":6},"o":{"a":0,"k":100,"ix":7},"sk":{"a":0,"k":0,"ix":4},"sa":{"a":0,"k":0,"ix":5},"nm":"Transform"}],"nm":"Group 16","np":2,"cix":2,"bm":0,"ix":16,"mn":"ADBE Vector Group","hd":false},{"ty":"gr","it":[{"ind":0,"ty":"sh","ix":1,"ks":{"a":0,"k":{"i":[[0,0],[0,0]],"o":[[0,0],[0,0]],"v":[[704.356,1077.784],[766.758,1077.784]],"c":false},"ix":2},"nm":"Path 1","mn":"ADBE Vector Shape - Group","hd":false},{"ty":"st","c":{"a":0,"k":[0.282000014361,0.596000043084,0.356999984442,1],"ix":3},"o":{"a":0,"k":100,"ix":4},"w":{"a":0,"k":5.562,"ix":5},"lc":1,"lj":1,"ml":10,"bm":0,"nm":"Stroke 1","mn":"ADBE Vector Graphic - Stroke","hd":false},{"ty":"tr","p":{"a":0,"k":[0,0],"ix":2},"a":{"a":0,"k":[0,0],"ix":1},"s":{"a":0,"k":[100,100],"ix":3},"r":{"a":0,"k":0,"ix":6},"o":{"a":0,"k":100,"ix":7},"sk":{"a":0,"k":0,"ix":4},"sa":{"a":0,"k":0,"ix":5},"nm":"Transform"}],"nm":"Group 17","np":2,"cix":2,"bm":0,"ix":17,"mn":"ADBE Vector Group","hd":false},{"ty":"gr","it":[{"ind":0,"ty":"sh","ix":1,"ks":{"a":0,"k":{"i":[[0,0],[0,0]],"o":[[0,0],[0,0]],"v":[[704.356,1096.571],[766.758,1096.571]],"c":false},"ix":2},"nm":"Path 1","mn":"ADBE Vector Shape - Group","hd":false},{"ty":"st","c":{"a":0,"k":[0.282000014361,0.596000043084,0.356999984442,1],"ix":3},"o":{"a":0,"k":100,"ix":4},"w":{"a":0,"k":5.562,"ix":5},"lc":1,"lj":1,"ml":10,"bm":0,"nm":"Stroke 1","mn":"ADBE Vector Graphic - Stroke","hd":false},{"ty":"tr","p":{"a":0,"k":[0,0],"ix":2},"a":{"a":0,"k":[0,0],"ix":1},"s":{"a":0,"k":[100,100],"ix":3},"r":{"a":0,"k":0,"ix":6},"o":{"a":0,"k":100,"ix":7},"sk":{"a":0,"k":0,"ix":4},"sa":{"a":0,"k":0,"ix":5},"nm":"Transform"}],"nm":"Group 18","np":2,"cix":2,"bm":0,"ix":18,"mn":"ADBE Vector Group","hd":false},{"ty":"gr","it":[{"ind":0,"ty":"sh","ix":1,"ks":{"a":0,"k":{"i":[[0,0],[0,0]],"o":[[0,0],[0,0]],"v":[[504.651,875.431],[767.461,875.431]],"c":false},"ix":2},"nm":"Path 1","mn":"ADBE Vector Shape - Group","hd":false},{"ty":"st","c":{"a":0,"k":[0.282000014361,0.596000043084,0.356999984442,1],"ix":3},"o":{"a":0,"k":100,"ix":4},"w":{"a":0,"k":5.562,"ix":5},"lc":1,"lj":1,"ml":10,"bm":0,"nm":"Stroke 1","mn":"ADBE Vector Graphic - Stroke","hd":false},{"ty":"tr","p":{"a":0,"k":[0,0],"ix":2},"a":{"a":0,"k":[0,0],"ix":1},"s":{"a":0,"k":[100,100],"ix":3},"r":{"a":0,"k":0,"ix":6},"o":{"a":0,"k":100,"ix":7},"sk":{"a":0,"k":0,"ix":4},"sa":{"a":0,"k":0,"ix":5},"nm":"Transform"}],"nm":"Group 19","np":2,"cix":2,"bm":0,"ix":19,"mn":"ADBE Vector Group","hd":false},{"ty":"gr","it":[{"ind":0,"ty":"sh","ix":1,"ks":{"a":0,"k":{"i":[[0,0],[0,0]],"o":[[0,0],[0,0]],"v":[[504.651,894.218],[767.461,894.218]],"c":false},"ix":2},"nm":"Path 1","mn":"ADBE Vector Shape - Group","hd":false},{"ty":"st","c":{"a":0,"k":[0.282000014361,0.596000043084,0.356999984442,1],"ix":3},"o":{"a":0,"k":100,"ix":4},"w":{"a":0,"k":5.562,"ix":5},"lc":1,"lj":1,"ml":10,"bm":0,"nm":"Stroke 1","mn":"ADBE Vector Graphic - Stroke","hd":false},{"ty":"tr","p":{"a":0,"k":[0,0],"ix":2},"a":{"a":0,"k":[0,0],"ix":1},"s":{"a":0,"k":[100,100],"ix":3},"r":{"a":0,"k":0,"ix":6},"o":{"a":0,"k":100,"ix":7},"sk":{"a":0,"k":0,"ix":4},"sa":{"a":0,"k":0,"ix":5},"nm":"Transform"}],"nm":"Group 20","np":2,"cix":2,"bm":0,"ix":20,"mn":"ADBE Vector Group","hd":false},{"ty":"gr","it":[{"ind":0,"ty":"sh","ix":1,"ks":{"a":0,"k":{"i":[[0,0],[0,0]],"o":[[0,0],[0,0]],"v":[[504.651,839.801],[767.461,839.801]],"c":false},"ix":2},"nm":"Path 1","mn":"ADBE Vector Shape - Group","hd":false},{"ty":"st","c":{"a":0,"k":[0.282000014361,0.596000043084,0.356999984442,1],"ix":3},"o":{"a":0,"k":100,"ix":4},"w":{"a":0,"k":5.562,"ix":5},"lc":1,"lj":1,"ml":10,"bm":0,"nm":"Stroke 1","mn":"ADBE Vector Graphic - Stroke","hd":false},{"ty":"tr","p":{"a":0,"k":[0,0],"ix":2},"a":{"a":0,"k":[0,0],"ix":1},"s":{"a":0,"k":[100,100],"ix":3},"r":{"a":0,"k":0,"ix":6},"o":{"a":0,"k":100,"ix":7},"sk":{"a":0,"k":0,"ix":4},"sa":{"a":0,"k":0,"ix":5},"nm":"Transform"}],"nm":"Group 21","np":2,"cix":2,"bm":0,"ix":21,"mn":"ADBE Vector Group","hd":false},{"ty":"gr","it":[{"ind":0,"ty":"sh","ix":1,"ks":{"a":0,"k":{"i":[[0,0],[0,0]],"o":[[0,0],[0,0]],"v":[[504.651,858.588],[767.461,858.588]],"c":false},"ix":2},"nm":"Path 1","mn":"ADBE Vector Shape - Group","hd":false},{"ty":"st","c":{"a":0,"k":[0.282000014361,0.596000043084,0.356999984442,1],"ix":3},"o":{"a":0,"k":100,"ix":4},"w":{"a":0,"k":5.562,"ix":5},"lc":1,"lj":1,"ml":10,"bm":0,"nm":"Stroke 1","mn":"ADBE Vector Graphic - Stroke","hd":false},{"ty":"tr","p":{"a":0,"k":[0,0],"ix":2},"a":{"a":0,"k":[0,0],"ix":1},"s":{"a":0,"k":[100,100],"ix":3},"r":{"a":0,"k":0,"ix":6},"o":{"a":0,"k":100,"ix":7},"sk":{"a":0,"k":0,"ix":4},"sa":{"a":0,"k":0,"ix":5},"nm":"Transform"}],"nm":"Group 22","np":2,"cix":2,"bm":0,"ix":22,"mn":"ADBE Vector Group","hd":false},{"ty":"gr","it":[{"ind":0,"ty":"sh","ix":1,"ks":{"a":0,"k":{"i":[[0,0],[0,0]],"o":[[0,0],[0,0]],"v":[[523.439,821.013],[748.674,821.013]],"c":false},"ix":2},"nm":"Path 1","mn":"ADBE Vector Shape - Group","hd":false},{"ty":"st","c":{"a":0,"k":[0.282000014361,0.596000043084,0.356999984442,1],"ix":3},"o":{"a":0,"k":100,"ix":4},"w":{"a":0,"k":5.562,"ix":5},"lc":1,"lj":1,"ml":10,"bm":0,"nm":"Stroke 1","mn":"ADBE Vector Graphic - Stroke","hd":false},{"ty":"tr","p":{"a":0,"k":[0,0],"ix":2},"a":{"a":0,"k":[0,0],"ix":1},"s":{"a":0,"k":[100,100],"ix":3},"r":{"a":0,"k":0,"ix":6},"o":{"a":0,"k":100,"ix":7},"sk":{"a":0,"k":0,"ix":4},"sa":{"a":0,"k":0,"ix":5},"nm":"Transform"}],"nm":"Group 23","np":2,"cix":2,"bm":0,"ix":23,"mn":"ADBE Vector Group","hd":false},{"ty":"gr","it":[{"ind":0,"ty":"sh","ix":1,"ks":{"a":0,"k":{"i":[[-10.24,0],[0,0],[0,-10.24],[0,0],[10.24,0],[0,0],[0,10.24],[0,0]],"o":[[0,0],[10.24,0],[0,0],[0,10.24],[0,0],[-10.24,0],[0,0],[0,-10.24]],"v":[[-152.596,-225.299],[152.596,-225.299],[171.137,-206.758],[171.137,206.758],[152.596,225.299],[-152.596,225.299],[-171.137,206.758],[-171.137,-206.758]],"c":true},"ix":2},"nm":"Path 1","mn":"ADBE Vector Shape - Group","hd":false},{"ty":"mm","mm":4,"nm":"Merge Paths 1","mn":"ADBE Vector Filter - Merge","hd":false},{"ty":"fl","c":{"a":0,"k":[1,1,1,1],"ix":4},"o":{"a":0,"k":100,"ix":5},"r":1,"bm":0,"nm":"Fill 1","mn":"ADBE Vector Graphic - Fill","hd":false},{"ty":"tr","p":{"a":0,"k":[636.244,928.992],"ix":2},"a":{"a":0,"k":[0,0],"ix":1},"s":{"a":0,"k":[100,100],"ix":3},"r":{"a":0,"k":0,"ix":6},"o":{"a":0,"k":100,"ix":7},"sk":{"a":0,"k":0,"ix":4},"sa":{"a":0,"k":0,"ix":5},"nm":"Transform"}],"nm":"Group 24","np":3,"cix":2,"bm":0,"ix":24,"mn":"ADBE Vector Group","hd":false},{"ty":"gr","it":[{"ind":0,"ty":"sh","ix":1,"ks":{"a":0,"k":{"i":[[-10.178,1.128],[0,0],[-1.128,-10.177],[0,0],[10.178,-1.129],[0,0],[1.129,10.178],[0,0]],"o":[[0,0],[10.177,-1.129],[0,0],[1.129,10.177],[0,0],[-10.178,1.128],[0,0],[-1.129,-10.178]],"v":[[-176.499,-207.107],[126.834,-240.745],[147.305,-224.36],[192.883,186.635],[176.498,207.106],[-126.834,240.745],[-147.306,224.36],[-192.883,-186.635]],"c":true},"ix":2},"nm":"Path 1","mn":"ADBE Vector Shape - Group","hd":false},{"ty":"mm","mm":4,"nm":"Merge Paths 1","mn":"ADBE Vector Filter - Merge","hd":false},{"ty":"fl","c":{"a":0,"k":[0.282000014361,0.596000043084,0.356999984442,1],"ix":4},"o":{"a":0,"k":100,"ix":5},"r":1,"bm":0,"nm":"Fill 1","mn":"ADBE Vector Graphic - Fill","hd":false},{"ty":"tr","p":{"a":0,"k":[632.088,938.875],"ix":2},"a":{"a":0,"k":[0,0],"ix":1},"s":{"a":0,"k":[100,100],"ix":3},"r":{"a":0,"k":0,"ix":6},"o":{"a":0,"k":100,"ix":7},"sk":{"a":0,"k":0,"ix":4},"sa":{"a":0,"k":0,"ix":5},"nm":"Transform"}],"nm":"Group 26","np":3,"cix":2,"bm":0,"ix":25,"mn":"ADBE Vector Group","hd":false},{"ty":"gr","it":[{"ind":0,"ty":"sh","ix":1,"ks":{"a":0,"k":{"i":[[0,4.519],[0,0],[0.498,4.492],[0,0],[0,0],[4.52,0],[0,0],[0,0],[0,0],[0,0],[0,0],[0,0],[0,0],[0,0],[-4.519,0],[0,0],[0,0],[-4.492,0.498],[0,0],[0,0]],"o":[[0,0],[4.491,-0.497],[0,0],[0,0],[0,-4.519],[0,0],[0,0],[0,0],[0,0],[0,0],[0,0],[0,0],[0,0],[0,4.519],[0,0],[0,0],[0.497,4.491],[0,0],[0,0],[4.52,0]],"v":[[175.717,207.659],[187.219,206.384],[194.449,197.35],[175.717,28.417],[175.717,-226.577],[167.534,-234.759],[146.53,-234.759],[145.686,-242.362],[77.071,-234.759],[-166.555,-234.759],[-166.555,-207.737],[-194.5,-204.638],[-166.555,47.351],[-166.555,207.659],[-158.373,215.842],[-147.87,215.842],[-145.736,235.081],[-136.702,242.311],[101.982,215.842],[167.534,215.842]],"c":true},"ix":2},"nm":"Path 1","mn":"ADBE Vector Shape - Group","hd":false},{"ty":"mm","mm":4,"nm":"Merge Paths 1","mn":"ADBE Vector Filter - Merge","hd":false},{"ty":"fl","c":{"a":0,"k":[0.282000014361,0.596000043084,0.356999984442,1],"ix":4},"o":{"a":0,"k":100,"ix":5},"r":1,"bm":0,"nm":"Fill 1","mn":"ADBE Vector Graphic - Fill","hd":false},{"ty":"tr","p":{"a":0,"k":[641.607,950.98],"ix":2},"a":{"a":0,"k":[0,0],"ix":1},"s":{"a":0,"k":[100,100],"ix":3},"r":{"a":0,"k":0,"ix":6},"o":{"a":0,"k":40,"ix":7},"sk":{"a":0,"k":0,"ix":4},"sa":{"a":0,"k":0,"ix":5},"nm":"Transform"}],"nm":"Group 27","np":3,"cix":2,"bm":0,"ix":26,"mn":"ADBE Vector Group","hd":false}],"ip":0,"op":300,"st":0,"bm":0},{"ddd":0,"ind":19,"ty":4,"nm":"Rectangle 444","sr":1,"ks":{"o":{"a":0,"k":40,"ix":11},"r":{"a":0,"k":0,"ix":10},"p":{"a":0,"k":[562,666,0],"ix":2},"a":{"a":0,"k":[0,0,0],"ix":1},"s":{"a":1,"k":[{"i":{"x":[0.833,0.833,0.833],"y":[1,1,1]},"o":{"x":[0.333,0.333,0.333],"y":[0,0,0]},"t":5,"s":[0,0,100]},{"t":11,"s":[292,292,100]}],"ix":6}},"ao":0,"shapes":[{"ty":"gr","it":[{"ind":0,"ty":"sh","ix":1,"ks":{"a":0,"k":{"i":[[-8.315,0],[0,0],[0,-8.315],[0,0],[8.315,0],[0,0],[0,8.315],[0,0]],"o":[[0,0],[8.315,0],[0,0],[0,8.315],[0,0],[-8.315,0],[0,0],[0,-8.315]],"v":[[-79.522,-112],[79.522,-112],[94.578,-96.944],[94.578,96.944],[79.522,112],[-79.522,112],[-94.578,96.944],[-94.578,-96.944]],"c":true},"ix":2},"nm":"Path 1","mn":"ADBE Vector Shape - Group","hd":false},{"ty":"fl","c":{"a":0,"k":[0.282352954149,0.596078455448,0.35686275363,1],"ix":4},"o":{"a":0,"k":100,"ix":5},"r":1,"bm":0,"nm":"Fill 1","mn":"ADBE Vector Graphic - Fill","hd":false},{"ty":"tr","p":{"a":0,"k":[0,0],"ix":2},"a":{"a":0,"k":[0,0],"ix":1},"s":{"a":0,"k":[100,100],"ix":3},"r":{"a":0,"k":0,"ix":6},"o":{"a":0,"k":100,"ix":7},"sk":{"a":0,"k":0,"ix":4},"sa":{"a":0,"k":0,"ix":5},"nm":"Transform"}],"nm":"Rectangle 442","np":2,"cix":2,"bm":0,"ix":1,"mn":"ADBE Vector Group","hd":false}],"ip":0,"op":300,"st":0,"bm":0}],"markers":[],"chars":[{"ch":"T","size":84,"style":"Bold","w":60.16,"data":{"shapes":[{"ty":"gr","it":[{"ind":0,"ty":"sh","ix":1,"ks":{"a":0,"k":{"i":[[0,0],[0,0],[0,0],[0,0],[0,0],[0,0],[0,0],[0,0]],"o":[[0,0],[0,0],[0,0],[0,0],[0,0],[0,0],[0,0],[0,0]],"v":[[37.451,0],[37.451,-58.301],[57.861,-58.301],[57.861,-70.459],[2.344,-70.459],[2.344,-58.301],[22.705,-58.301],[22.705,0]],"c":true},"ix":2},"nm":"T","mn":"ADBE Vector Shape - Group","hd":false}],"nm":"T","np":3,"cix":2,"bm":0,"ix":1,"mn":"ADBE Vector Group","hd":false}]},"fFamily":"SF Pro Display"},{"ch":"h","size":84,"style":"Bold","w":58.45,"data":{"shapes":[{"ty":"gr","it":[{"ind":0,"ty":"sh","ix":1,"ks":{"a":0,"k":{"i":[[0,0],[0,0],[0,0],[-6.738,0],[0,-6.738],[0,0],[0,0],[0,0],[11.621,0],[2.783,-6.592],[0,0],[0,0],[0,0]],"o":[[0,0],[0,0],[0,-6.885],[6.494,0],[0,0],[0,0],[0,0],[0,-12.109],[-7.959,0],[0,0],[0,0],[0,0],[0,0]],"v":[[4.98,0],[19.238,0],[19.238,-29.883],[29.932,-41.504],[39.746,-30.664],[39.746,0],[54.004,0],[54.004,-33.691],[35.742,-53.32],[19.287,-43.018],[18.994,-43.018],[18.994,-70.459],[4.98,-70.459]],"c":true},"ix":2},"nm":"h","mn":"ADBE Vector Shape - Group","hd":false}],"nm":"h","np":3,"cix":2,"bm":0,"ix":1,"mn":"ADBE Vector Group","hd":false}]},"fFamily":"SF Pro Display"},{"ch":"a","size":84,"style":"Bold","w":54.74,"data":{"shapes":[{"ty":"gr","it":[{"ind":0,"ty":"sh","ix":1,"ks":{"a":0,"k":{"i":[[-9.961,0],[-2.93,5.566],[0,0],[0,0],[0,0],[0,0],[13.428,0],[0.537,-10.156],[0,0],[-5.322,0],[0,-4.883],[0,0],[0,0],[0,-9.521]],"o":[[6.543,0],[0,0],[0,0],[0,0],[0,0],[0,-10.547],[-13.867,0],[0,0],[0.684,-3.857],[5.371,0],[0,0],[0,0],[-13.037,0.781],[0,9.424]],"v":[[20.166,0.83],[36.133,-8.008],[36.426,-8.008],[36.426,0],[50.195,0],[50.195,-35.986],[28.027,-53.467],[4.98,-36.328],[18.018,-36.328],[27.393,-42.822],[36.182,-35.107],[36.182,-31.641],[22.998,-30.859],[2.637,-15.039]],"c":true},"ix":2},"nm":"a","mn":"ADBE Vector Shape - Group","hd":false},{"ind":1,"ty":"sh","ix":2,"ks":{"a":0,"k":{"i":[[6.201,0],[0,3.906],[-5.322,0.391],[0,0],[0,0]],"o":[[-4.834,0],[0,-3.711],[0,0],[0,0],[0,5.664]],"v":[[24.854,-9.473],[16.797,-15.82],[25.146,-22.314],[36.182,-22.998],[36.182,-19.189]],"c":true},"ix":2},"nm":"a","mn":"ADBE Vector Shape - Group","hd":false}],"nm":"a","np":5,"cix":2,"bm":0,"ix":1,"mn":"ADBE Vector Group","hd":false}]},"fFamily":"SF Pro Display"},{"ch":"n","size":84,"style":"Bold","w":57.62,"data":{"shapes":[{"ty":"gr","it":[{"ind":0,"ty":"sh","ix":1,"ks":{"a":0,"k":{"i":[[0,0],[0,0],[0,0],[-6.396,0],[0,-6.836],[0,0],[0,0],[0,0],[11.621,0],[2.783,-6.494],[0,0],[0,0],[0,0]],"o":[[0,0],[0,0],[0,-6.787],[6.396,0],[0,0],[0,0],[0,0],[0,-12.256],[-8.057,0],[0,0],[0,0],[0,0],[0,0]],"v":[[4.639,0],[18.896,0],[18.896,-30.029],[29.346,-41.504],[38.965,-30.762],[38.965,0],[53.223,0],[53.223,-33.74],[35.059,-53.32],[18.701,-43.018],[18.408,-43.018],[18.408,-52.344],[4.639,-52.344]],"c":true},"ix":2},"nm":"n","mn":"ADBE Vector Shape - Group","hd":false}],"nm":"n","np":3,"cix":2,"bm":0,"ix":1,"mn":"ADBE Vector Group","hd":false}]},"fFamily":"SF Pro Display"},{"ch":"k","size":84,"style":"Bold","w":53.81,"data":{"shapes":[{"ty":"gr","it":[{"ind":0,"ty":"sh","ix":1,"ks":{"a":0,"k":{"i":[[0,0],[0,0],[0,0],[0,0],[0,0],[0,0],[0,0],[0,0],[0,0],[0,0],[0,0],[0,0],[0,0]],"o":[[0,0],[0,0],[0,0],[0,0],[0,0],[0,0],[0,0],[0,0],[0,0],[0,0],[0,0],[0,0],[0,0]],"v":[[19.434,-31.348],[19.238,-31.348],[19.238,-70.459],[4.98,-70.459],[4.98,0],[19.238,0],[19.238,-17.285],[22.949,-21.289],[37.939,0],[54.346,0],[33.398,-29.883],[53.369,-52.344],[37.207,-52.344]],"c":true},"ix":2},"nm":"k","mn":"ADBE Vector Shape - Group","hd":false}],"nm":"k","np":3,"cix":2,"bm":0,"ix":1,"mn":"ADBE Vector Group","hd":false}]},"fFamily":"SF Pro Display"},{"ch":" ","size":84,"style":"Bold","w":19.78,"data":{},"fFamily":"SF Pro Display"},{"ch":"y","size":84,"style":"Bold","w":55.08,"data":{"shapes":[{"ty":"gr","it":[{"ind":0,"ty":"sh","ix":1,"ks":{"a":0,"k":{"i":[[-0.537,0],[-4.443,13.428],[0,0],[0,0],[0,0],[0,0],[0,0],[0,0],[0,0],[0,-0.244],[5.176,0],[0.488,0.098],[0,0]],"o":[[13.33,0],[0,0],[0,0],[0,0],[0,0],[0,0],[0,0],[0,0],[0.049,0.244],[-0.977,4.15],[-0.537,0],[0,0],[0.488,0.098]],"v":[[11.377,19.385],[35.742,1.123],[53.76,-52.344],[38.721,-52.344],[27.637,-11.426],[27.344,-11.426],[16.211,-52.344],[0.586,-52.344],[18.799,0],[18.311,2.539],[9.57,8.35],[5.957,8.203],[5.957,19.238]],"c":true},"ix":2},"nm":"y","mn":"ADBE Vector Shape - Group","hd":false}],"nm":"y","np":3,"cix":2,"bm":0,"ix":1,"mn":"ADBE Vector Group","hd":false}]},"fFamily":"SF Pro Display"},{"ch":"o","size":84,"style":"Bold","w":57.28,"data":{"shapes":[{"ty":"gr","it":[{"ind":0,"ty":"sh","ix":1,"ks":{"a":0,"k":{"i":[[-15.82,0],[0,17.236],[15.674,0],[0,-16.943]],"o":[[15.82,0],[0,-16.992],[-15.674,0],[0,17.188]],"v":[[28.662,1.123],[54.59,-26.221],[28.662,-53.467],[2.734,-26.221]],"c":true},"ix":2},"nm":"o","mn":"ADBE Vector Shape - Group","hd":false},{"ind":1,"ty":"sh","ix":2,"ks":{"a":0,"k":{"i":[[6.982,0],[0,10.498],[-6.934,0],[0,-10.4]],"o":[[-7.031,0],[0,-10.4],[6.934,0],[0,10.498]],"v":[[28.662,-9.766],[17.188,-26.172],[28.662,-42.578],[40.088,-26.172]],"c":true},"ix":2},"nm":"o","mn":"ADBE Vector Shape - Group","hd":false}],"nm":"o","np":5,"cix":2,"bm":0,"ix":1,"mn":"ADBE Vector Group","hd":false}]},"fFamily":"SF Pro Display"},{"ch":"u","size":84,"style":"Bold","w":57.62,"data":{"shapes":[{"ty":"gr","it":[{"ind":0,"ty":"sh","ix":1,"ks":{"a":0,"k":{"i":[[0,0],[0,0],[0,0],[6.348,0],[0,6.982],[0,0],[0,0],[0,0],[-11.328,0],[-2.588,6.592],[0,0],[0,0],[0,0]],"o":[[0,0],[0,0],[0,6.934],[-6.299,0],[0,0],[0,0],[0,0],[0,12.207],[7.91,0],[0,0],[0,0],[0,0],[0,0]],"v":[[52.979,-52.344],[38.721,-52.344],[38.721,-22.363],[28.418,-10.889],[18.652,-21.582],[18.652,-52.344],[4.395,-52.344],[4.395,-18.604],[23.242,0.977],[38.916,-9.424],[39.209,-9.424],[39.209,0],[52.979,0]],"c":true},"ix":2},"nm":"u","mn":"ADBE Vector Shape - Group","hd":false}],"nm":"u","np":3,"cix":2,"bm":0,"ix":1,"mn":"ADBE Vector Group","hd":false}]},"fFamily":"SF Pro Display"},{"ch":"!","size":84,"style":"Bold","w":31.64,"data":{"shapes":[{"ty":"gr","it":[{"ind":0,"ty":"sh","ix":1,"ks":{"a":0,"k":{"i":[[0,0],[0,0],[0,0],[0,0]],"o":[[0,0],[0,0],[0,0],[0,0]],"v":[[8.496,-70.459],[9.668,-23.193],[21.973,-23.193],[23.145,-70.459]],"c":true},"ix":2},"nm":"!","mn":"ADBE Vector Shape - Group","hd":false},{"ind":1,"ty":"sh","ix":2,"ks":{"a":0,"k":{"i":[[-4.443,0],[0,4.297],[4.443,0],[0,-4.297]],"o":[[4.443,0],[0,-4.297],[-4.443,0],[0,4.297]],"v":[[15.82,1.221],[23.779,-6.445],[15.82,-14.111],[7.861,-6.445]],"c":true},"ix":2},"nm":"!","mn":"ADBE Vector Shape - Group","hd":false}],"nm":"!","np":5,"cix":2,"bm":0,"ix":1,"mn":"ADBE Vector Group","hd":false}]},"fFamily":"SF Pro Display"}]}